rank	tagname	short_tag	source	subsystem	count	share	cumulative_share
1	ImportS7Device.Drives.EmergRectifier.Power	Drives.EmergRectifier.Power	ImportS7Device	Drives	94845217	0.07973236588131476	0.07973236588131476
2	ImportS7Device.Drives.MainRectifier.Power	Drives.MainRectifier.Power	ImportS7Device	Drives	94827904	0.07971781157384238	0.15945017745515713
3	ImportS7Device.Drives.MainRectifier.DCLinkVoltage	Drives.MainRectifier.DCLinkVoltage	ImportS7Device	Drives	89619061	0.07533895738350059	0.23478913483865774
4	ImportS7Device.Drives.EmergRectifier.DCLinkVoltage	Drives.EmergRectifier.DCLinkVoltage	ImportS7Device	Drives	88588072	0.07447224849961866	0.3092613833382764
5	ImportS7Device.Drives.EmergRectifier.SupplyVoltage	Drives.EmergRectifier.SupplyVoltage	ImportS7Device	Drives	85852947	0.07217294449537845	0.38143432783365483
6	ImportS7Device.Drives.MainRectifier.SupplyVoltage	Drives.MainRectifier.SupplyVoltage	ImportS7Device	Drives	85719119	0.07206044095119694	0.4534947687848518
7	ImportS7Device.General.BoomLoad	General.BoomLoad	ImportS7Device	General	31721362	0.026666808524858292	0.48016157730971004
8	ImportS7Device.Drives.Hoist_Status.ActualTorque	Drives.Hoist_Status.ActualTorque	ImportS7Device	Drives	31183714	0.026214830571648938	0.506376407881359
9	ImportS7Device.CBM.LuffingWinch_Moment	CBM.LuffingWinch_Moment	ImportS7Device	CBM	29326362	0.02465343323482391	0.5310298411161829
10	ImportS7Device.CBM.MainHoistWinch_Moment	CBM.MainHoistWinch_Moment	ImportS7Device	CBM	27565544	0.023173187952382258	0.5542030290685652
11	ImportS7Device.Drives.Hoist_Status.ActualCurrent	Drives.Hoist_Status.ActualCurrent	ImportS7Device	Drives	21035468	0.0176836290127386	0.5718866580813038
12	ImportS7Device.General.HoistLoadPctSWL	General.HoistLoadPctSWL	ImportS7Device	General	20033189	0.016841055412604836	0.5887277134939086
13	ImportS7Device.General.SlewMoment	General.SlewMoment	ImportS7Device	General	18783112	0.015790168505531638	0.6045178819994402
14	ImportS7Device.Drives.Boom_Status.ActualTorque	Drives.Boom_Status.ActualTorque	ImportS7Device	Drives	16916638	0.014221102688791917	0.6187389846882322
15	ImportS7Device.Drives.Hoist_Status.ActualSpeed	Drives.Hoist_Status.ActualSpeed	ImportS7Device	Drives	14183770	0.01192369604907347	0.6306626807373056
16	ImportS7Device.Drives.Boom_Status.ActualCurrent	Drives.Boom_Status.ActualCurrent	ImportS7Device	Drives	13263477	0.011150044614504947	0.6418127253518106
17	ImportS7Device.Drives.SlewA_Status.ActualTorque	Drives.SlewA_Status.ActualTorque	ImportS7Device	Drives	12192955	0.010250102008142447	0.652062827359953
18	ImportS7Device.Drives.SlewB_Status.ActualTorque	Drives.SlewB_Status.ActualTorque	ImportS7Device	Drives	12029450	0.010112650264177073	0.6621754776241301
19	ImportS7Device.Drives.Hoist_Control.SpeedReference	Drives.Hoist_Control.SpeedReference	ImportS7Device	Drives	11572466	0.009728483126999173	0.6719039607511292
20	ImportS7Device.Drives.Hoist_Status.ActualPower	Drives.Hoist_Status.ActualPower	ImportS7Device	Drives	11278013	0.009480948933146775	0.681384909684276
21	ImportS7Device.Drives.SlewA_Status.ActualSpeed	Drives.SlewA_Status.ActualSpeed	ImportS7Device	Drives	10186122	0.008563042311513818	0.6899479519957898
22	ImportS7Device.Drives.SlewB_Status.ActualSpeed	Drives.SlewB_Status.ActualSpeed	ImportS7Device	Drives	10049808	0.008448448892187828	0.6983964008879777
23	ImportS7Device.Joysticks.Hoist	Joysticks.Hoist	ImportS7Device	Joysticks	9511574	0.007995978313542164	0.7063923792015199
24	ImportS7Device.General.WindDirectionCrane	General.WindDirectionCrane	ImportS7Device	General	9342351	0.007853719688612941	0.7142460988901328
25	ImportS7Device.Drives.Boom_Status.ActualSpeed	Drives.Boom_Status.ActualSpeed	ImportS7Device	Drives	9339220	0.007851087589225427	0.7220971864793583
26	ImportS7Device.General.WindDirectionPlatform	General.WindDirectionPlatform	ImportS7Device	General	9179517	0.007716832025991873	0.7298140185053501
27	ImportS7Device.General.PedestalMoment	General.PedestalMoment	ImportS7Device	General	9137033	0.007681117522517209	0.7374951360278673
28	ImportS7Device.CBM.SlewBearing_Moment	CBM.SlewBearing_Moment	ImportS7Device	CBM	9059053	0.007615563031862979	0.7451106990597303
29	ImportS7Device.CBM.SlewGear_Moment	CBM.SlewGear_Moment	ImportS7Device	CBM	8980169	0.007549248586610756	0.752659947646341
30	ImportS7Device.Energy.PACA.TotalActivePower	Energy.PACA.TotalActivePower	ImportS7Device	Energy	8667226	0.007286170631124648	0.7599461182774657
31	ImportS7Device.Energy.PACB.TotalActivePower	Energy.PACB.TotalActivePower	ImportS7Device	Energy	8613374	0.007240899530448685	0.7671870178079144
32	ImportS7Device.Drives.ACFan_Status.ActualSpeed	Drives.ACFan_Status.ActualSpeed	ImportS7Device	Drives	8322545	0.0069964118802501845	0.7741834296881646
33	ImportS7Device.Energy.PACA.THD_currentL1	Energy.PACA.THD_currentL1	ImportS7Device	Energy	7626155	0.006410986235896513	0.7805944159240611
34	ImportS7Device.General.HeelAngle	General.HeelAngle	ImportS7Device	General	7606098	0.006394125163582434	0.7869885410876435
35	ImportS7Device.Drives.Boom_Status.ActualPower	Drives.Boom_Status.ActualPower	ImportS7Device	Drives	7320598	0.006154117378486477	0.79314265846613
36	ImportS7Device.Hyd.BrakesEnablePressure	Hyd.BrakesEnablePressure	ImportS7Device	Hyd	7106691	0.005974294803052079	0.7991169532691821
37	ImportS7Device.Hyd.HoistSecondaryPressure	Hyd.HoistSecondaryPressure	ImportS7Device	Hyd	6986173	0.005872980413405163	0.8049899336825872
38	ImportS7Device.Drives.Boom_Control.SpeedReference	Drives.Boom_Control.SpeedReference	ImportS7Device	Drives	6730654	0.005658176388046376	0.8106481100706336
39	ImportS7Device.Energy.PACB.THD_currentL3	Energy.PACB.THD_currentL3	ImportS7Device	Energy	6604913	0.005552471243017477	0.816200581313651
40	ImportS7Device.Hyd.BoomSecondaryPressure	Hyd.BoomSecondaryPressure	ImportS7Device	Hyd	6604824	0.005552396424478515	0.8217529777381296
41	ImportS7Device.Energy.PACB.THD_currentL2	Energy.PACB.THD_currentL2	ImportS7Device	Energy	6545718	0.0055027085080305935	0.8272556862461602
42	ImportS7Device.Joysticks.Slew	Joysticks.Slew	ImportS7Device	Joysticks	6521750	0.005482559623290909	0.8327382458694511
43	ImportS7Device.Drives.SlewA_Status.ActualCurrent	Drives.SlewA_Status.ActualCurrent	ImportS7Device	Drives	6317417	0.005310785505070201	0.8380490313745212
44	ImportS7Device.Energy.PACA.THD_currentL3	Energy.PACA.THD_currentL3	ImportS7Device	Energy	6284063	0.005282746206772161	0.8433317775812934
45	ImportS7Device.Drives.SlewB_Status.ActualCurrent	Drives.SlewB_Status.ActualCurrent	ImportS7Device	Drives	6256127	0.005259261592115627	0.8485910391734091
46	ImportS7Device.Encoders.MainB_Raw	Encoders.MainB_Raw	ImportS7Device	Encoders	6131841	0.0051547796041000885	0.8537458187775092
47	ImportS7Device.Encoders.MainA_Raw	Encoders.MainA_Raw	ImportS7Device	Encoders	6131444	0.0051544458629768555	0.8589002646404861
48	ImportS7Device.Drives.SlewB_Control.SpeedReference	Drives.SlewB_Control.SpeedReference	ImportS7Device	Drives	6050737	0.005086598898662532	0.8639868635391486
49	ImportS7Device.Drives.SlewA_Control.SpeedReference	Drives.SlewA_Control.SpeedReference	ImportS7Device	Drives	6050737	0.005086598898662532	0.8690734624378111
50	ImportS7Device.Energy.PACB.THD_currentL1	Energy.PACB.THD_currentL1	ImportS7Device	Energy	5993717	0.005038664594262632	0.8741121270320737
51	ImportS7Device.Hyd.HoistPrimaryPressure	Hyd.HoistPrimaryPressure	ImportS7Device	Hyd	5987420	0.0050333709724666624	0.8791454980045403
52	ImportS7Device.Joysticks.Boom	Joysticks.Boom	ImportS7Device	Joysticks	5653634	0.004752771187681938	0.8838982691922224
53	ImportS7Device.General.HoistPosition	General.HoistPosition	ImportS7Device	General	5466210	0.0045952117512061946	0.8884934809434285
54	ImportS7Device.Energy.PACA.THD_currentL2	Energy.PACA.THD_currentL2	ImportS7Device	Energy	5388411	0.004529809419603111	0.8930232903630316
55	ImportS7Device.Drives.SlewA_Status.DroopFeedbackSpeedReduction	Drives.SlewA_Status.DroopFeedbackSpeedReduction	ImportS7Device	Drives	5149436	0.004328913235913772	0.8973522035989454
56	ImportS7Device.Drives.EmergRectifier.SupplyFrequency	Drives.EmergRectifier.SupplyFrequency	ImportS7Device	Drives	5121048	0.004305048643958242	0.9016572522429036
57	ImportS7Device.Drives.SlewB_Status.DroopFeedbackSpeedReduction	Drives.SlewB_Status.DroopFeedbackSpeedReduction	ImportS7Device	Drives	5101125	0.004288300219781476	0.9059455524626852
58	ImportS7Device.Hyd.SlewBrakePressureA	Hyd.SlewBrakePressureA	ImportS7Device	Hyd	4853570	0.004080191192673141	0.9100257436553583
59	ImportS7Device.Hyd.SlewBrakePressureB	Hyd.SlewBrakePressureB	ImportS7Device	Hyd	4730906	0.003977072751513735	0.914002816406872
60	ImportS7Device.General.SlewAngle	General.SlewAngle	ImportS7Device	General	4627735	0.0038903412517024044	0.9178931576585744
61	ImportS7Device.Drives.SlewA_Status.DepletionLayerMaxTemp	Drives.SlewA_Status.DepletionLayerMaxTemp	ImportS7Device	Drives	4622760	0.0038861589794402245	0.9217793166380146
62	ImportS7Device.Drives.SlewB_Status.DepletionLayerMaxTemp	Drives.SlewB_Status.DepletionLayerMaxTemp	ImportS7Device	Drives	4478165	0.00376460407335984	0.9255439207113745
63	ImportS7Device.SafetySystems.AOPS RopeForce	SafetySystems.AOPS RopeForce	ImportS7Device	SafetySystems	4060298	0.003413320945042179	0.9289572416564167
64	ImportS7Device.Drives.Hoist_Status.DepletionLayerMaxTemp	Drives.Hoist_Status.DepletionLayerMaxTemp	ImportS7Device	Drives	3736859	0.0031414194459050476	0.9320986611023216
65	ImportS7Device.Encoders.BoomA_Raw	Encoders.BoomA_Raw	ImportS7Device	Encoders	3665665	0.0030815696586822053	0.9351802307610039
66	ImportS7Device.Encoders.BoomB_Raw	Encoders.BoomB_Raw	ImportS7Device	Encoders	3665346	0.003081301488862781	0.9382615322498666
67	ImportS7Device.General.TrimAngle	General.TrimAngle	ImportS7Device	General	3432417	0.002885487921876385	0.941147020171743
68	ImportS7Device.Drives.Boom_Status.DepletionLayerMaxTemp	Drives.Boom_Status.DepletionLayerMaxTemp	ImportS7Device	Drives	3341471	0.0028090334629505115	0.9439560536346936
69	ImportS7Device.Hyd.BoomPrimaryPressure	Hyd.BoomPrimaryPressure	ImportS7Device	Hyd	3235776	0.002720180143000539	0.9466762337776942
70	ImportS7Device.SafetySystems.AC_OwnPosX	SafetySystems.AC_OwnPosX	ImportS7Device	SafetySystems	3052818	0.002566375083996735	0.9492426088616909
71	ImportS7Device.General.BoomLoadCalculated	General.BoomLoadCalculated	ImportS7Device	General	3025288	0.002543231776383104	0.9517858406380739
72	ImportS7Device.SafetySystems.AC_OwnPosY	SafetySystems.AC_OwnPosY	ImportS7Device	SafetySystems	2868258	0.002411223291291622	0.9541970639293655
73	ImportS7Device.SafetySystems.AC_Crane1_Distance	SafetySystems.AC_Crane1_Distance	ImportS7Device	SafetySystems	2757970	0.002318508830336586	0.9565155727597021
74	ImportS7Device.Drives.SlewB_Status.TorqueLimEffective	Drives.SlewB_Status.TorqueLimEffective	ImportS7Device	Drives	2663560	0.0022391423329953977	0.9587547150926976
75	ImportS7Device.Drives.SlewA_Status.TorqueLimEffective	Drives.SlewA_Status.TorqueLimEffective	ImportS7Device	Drives	2598721	0.002184634925717511	0.960939350018415
76	ImportS7Device.Drives.ChillerFan_Status.ActualSpeed	Drives.ChillerFan_Status.ActualSpeed	ImportS7Device	Drives	2395639	0.002013912470330971	0.962953262488746
77	ImportS7Device.General.HoistLoad	General.HoistLoad	ImportS7Device	General	2392212	0.0020110315362520783	0.9649642940249982
78	ImportS7Device.CBM.MainHoistWinch_Rotation	CBM.MainHoistWinch_Rotation	ImportS7Device	CBM	2175215	0.0018286113283975522	0.9667929053533957
79	SharingOPCUA.UTL.CPU	UTL.CPU	SharingOPCUA	UTL	1725955	0.0014509374316122301	0.9682438427850079
80	SharingOPCUA.UTL.RAM	UTL.RAM	SharingOPCUA	UTL	1725955	0.0014509374316122301	0.9696947802166201
81	ImportS7Device.HVAC.ResistorCoolant.ResistorTankCoolantTemp	HVAC.ResistorCoolant.ResistorTankCoolantTemp	ImportS7Device	HVAC	1700333	0.0014293980989686973	0.9711241783155888
82	ImportS7Device.Hyd.BrakeSystemPressure	Hyd.BrakeSystemPressure	ImportS7Device	Hyd	1632092	0.0013720307740554463	0.9724962090896443
83	ImportS7Device.Hyd.BrakeAccumulatorPressure	Hyd.BrakeAccumulatorPressure	ImportS7Device	Hyd	1603278	0.0013478080619021891	0.9738440171515464
84	ImportS7Device.Drives.Hoist_Status.TorqueLimEffective	Drives.Hoist_Status.TorqueLimEffective	ImportS7Device	Drives	1599528	0.0013446555953729078	0.9751886727469193
85	ImportS7Device.General.BoomAngle	General.BoomAngle	ImportS7Device	General	1542710	0.0012968911038367184	0.9764855638507561
86	ImportS7Device.CBM.LuffingWinch_Rotation	CBM.LuffingWinch_Rotation	ImportS7Device	CBM	1256613	0.0010563814460693003	0.9775419452968254
87	ImportS7Device.Drives.SlewA_Control.SpeedControlerGainFactor	Drives.SlewA_Control.SpeedControlerGainFactor	ImportS7Device	Drives	1242878	0.001044835011994719	0.9785867803088201
88	ImportS7Device.Drives.SlewB_Control.SpeedControlerGainFactor	Drives.SlewB_Control.SpeedControlerGainFactor	ImportS7Device	Drives	1242878	0.001044835011994719	0.9796316153208148
89	ImportS7Device.Encoders.Slew_Raw	Encoders.Slew_Raw	ImportS7Device	Encoders	1117254	0.0009392282239215336	0.9805708435447363
90	ImportS7Device.General.BoomRadius	General.BoomRadius	ImportS7Device	General	1105252	0.0009291386497123508	0.9814999821944487
91	ImportS7Device.General.HoistLoadAOPLimit	General.HoistLoadAOPLimit	ImportS7Device	General	989184	0.0008315651870135155	0.9823315473814622
92	ImportS7Device.Drives.Boom_Status.TorqueLimEffective	Drives.Boom_Status.TorqueLimEffective	ImportS7Device	Drives	946094	0.0007953412449477195	0.98312688862641
93	ImportS7Device.Drives.SlewA_Status.ActualPower	Drives.SlewA_Status.ActualPower	ImportS7Device	Drives	864152	0.000726456068323086	0.9838533446947331
94	ImportS7Device.Drives.SlewB_Status.ActualPower	Drives.SlewB_Status.ActualPower	ImportS7Device	Drives	844877	0.0007102523903625796	0.9845635970850957
95	ImportS7Device.General.BoomLoadStatic	General.BoomLoadStatic	ImportS7Device	General	794704	0.0006680740695162769	0.9852316711546119
96	ImportS7Device.Energy.PACB.VoltageL1-L2	Energy.PACB.VoltageL1-L2	ImportS7Device	Energy	690524	0.0005804943460441342	0.985812165500656
97	ImportS7Device.Energy.PACA.VoltageL2-L3	Energy.PACA.VoltageL2-L3	ImportS7Device	Energy	688943	0.0005791652661553892	0.9863913307668114
98	ImportS7Device.Energy.PACA.VoltageL1-L2	Energy.PACA.VoltageL1-L2	ImportS7Device	Energy	687755	0.0005781665647589128	0.9869694973315704
99	ImportS7Device.Energy.PACB.VoltageL2-L3	Energy.PACB.VoltageL2-L3	ImportS7Device	Energy	686191	0.0005768517760517671	0.9875463491076221
100	ImportS7Device.Energy.PACB.VoltageL3-L1	Energy.PACB.VoltageL3-L1	ImportS7Device	Energy	683182	0.0005743222369086718	0.9881206713445307
101	ImportS7Device.Energy.PACA.VoltageL3-L1	Energy.PACA.VoltageL3-L1	ImportS7Device	Energy	681074	0.000572550130390345	0.9886932214749211
102	ImportS7Device.General.WindSpeed	General.WindSpeed	ImportS7Device	General	566167	0.00047595267132897524	0.98916917414625
103	ImportS7Device.General.BoomLoadAOPLimit	General.BoomLoadAOPLimit	ImportS7Device	General	520104	0.0004372294537987649	0.9896064036000488
104	ImportS7Device.Energy.PACA.TotalPowerFactor	Energy.PACA.TotalPowerFactor	ImportS7Device	Energy	369551	0.0003106659088966579	0.9899170695089455
105	ImportS7Device.Drives.SlewA_Control.TorqueLimitNeg	Drives.SlewA_Control.TorqueLimitNeg	ImportS7Device	Drives	326290	0.00027429821435712663	0.9901913677233026
106	ImportS7Device.Drives.SlewA_Control.TorqueLimitPos	Drives.SlewA_Control.TorqueLimitPos	ImportS7Device	Drives	326290	0.00027429821435712663	0.9904656659376597
107	ImportS7Device.Drives.SlewB_Control.TorqueLimitNeg	Drives.SlewB_Control.TorqueLimitNeg	ImportS7Device	Drives	326289	0.0002742973736993855	0.9907399633113592
108	ImportS7Device.Drives.SlewB_Control.TorqueLimitPos	Drives.SlewB_Control.TorqueLimitPos	ImportS7Device	Drives	326289	0.0002742973736993855	0.9910142606850585
109	ImportS7Device.HVAC.ResistorCoolant.BrakeResistorTempB	HVAC.ResistorCoolant.BrakeResistorTempB	ImportS7Device	HVAC	305104	0.0002564880394532985	0.9912707487245118
110	ImportS7Device.CBM.SlewGear_Rotation	CBM.SlewGear_Rotation	ImportS7Device	CBM	295536	0.0002484446261860547	0.9915191933506979
111	ImportS7Device.HVAC.ResistorCoolant.BrakeResistorTempA	HVAC.ResistorCoolant.BrakeResistorTempA	ImportS7Device	HVAC	292434	0.00024583690587303314	0.9917650302565709
112	ImportS7Device.Interlocks.Boom.SpeedLimitPctDown	Interlocks.Boom.SpeedLimitPctDown	ImportS7Device	Interlocks	280368	0.0002356935295684173	0.9920007237861393
113	ImportS7Device.SafetySystems.AOPS LuffRopeReleaseLevel	SafetySystems.AOPS LuffRopeReleaseLevel	ImportS7Device	SafetySystems	271384	0.00022814106042200026	0.9922288648465614
114	ImportS7Device.SafetySystems.AOPS RopeForceReleaseLevel	SafetySystems.AOPS RopeForceReleaseLevel	ImportS7Device	SafetySystems	246091	0.00020687830417530313	0.9924357431507367
115	ImportS7Device.Drives.Boom_Control.LoadTransferTorque	Drives.Boom_Control.LoadTransferTorque	ImportS7Device	Drives	228461	0.00019205750819897488	0.9926278006589356
116	ImportS7Device.Interlocks.Boom.SpeedLimitPctUp	Interlocks.Boom.SpeedLimitPctUp	ImportS7Device	Interlocks	228217	0.0001918523877101363	0.9928196530466458
117	ImportS7Device.Energy.PACB.TotalPowerFactor	Energy.PACB.TotalPowerFactor	ImportS7Device	Energy	221193	0.00018594760773635698	0.9930056006543821
118	ImportS7Device.Interlocks.Slew.SpeedLimitPctRight	Interlocks.Slew.SpeedLimitPctRight	ImportS7Device	Interlocks	209055	0.00017574370407437897	0.9931813443584565
119	ImportS7Device.Interlocks.Slew.SpeedLimitPctLeft	Interlocks.Slew.SpeedLimitPctLeft	ImportS7Device	Interlocks	209055	0.00017574370407437897	0.9933570880625309
120	ImportS7Device.General.SWLSea	General.SWLSea	ImportS7Device	General	195553	0.00016439314325348368	0.9935214812057843
121	ImportS7Device.LoadCells.BoomLC_LoopB_Raw	LoadCells.BoomLC_LoopB_Raw	ImportS7Device	LoadCells	186343	0.0001566506854575686	0.9936781318912419
122	ImportS7Device.Interlocks.Hoist.SpeedLimitPctUp	Interlocks.Hoist.SpeedLimitPctUp	ImportS7Device	Interlocks	175026	0.00014713696180106793	0.993825268853043
123	ImportS7Device.Hyd.KickoutAccumulatorPressure	Hyd.KickoutAccumulatorPressure	ImportS7Device	Hyd	171521	0.00014419045641836625	0.9939694593094613
124	ImportS7Device.LoadCells.BoomLC_LoopA_Raw	LoadCells.BoomLC_LoopA_Raw	ImportS7Device	LoadCells	164676	0.00013843615418025128	0.9941078954636416
125	ImportS7Device.HVAC.MotorCoolant.ACCondenser_StatusOK	HVAC.MotorCoolant.ACCondenser_StatusOK	ImportS7Device	HVAC	129477	0.00010884584234980443	0.9942167413059914
126	ImportS7Device.Drives.ACFan_Status.ReadyToRun	Drives.ACFan_Status.ReadyToRun	ImportS7Device	Drives	129330	0.0001087222656618566	0.9943254635716533
127	ImportS7Device.Drives.Hoist_Control.LoadTransferTorque	Drives.Hoist_Control.LoadTransferTorque	ImportS7Device	Drives	102289	8.599003968364378e-05	0.9944114536113369
128	ImportS7Device.Drives.ACFan_Status.ActualCurrent	Drives.ACFan_Status.ActualCurrent	ImportS7Device	Drives	97758	8.218101945853071e-05	0.9944936346307954
129	ImportS7Device.Drives.Boom_Status.MotorTemp	Drives.Boom_Status.MotorTemp	ImportS7Device	Drives	94841	7.972882082762037e-05	0.9945733634516231
130	ImportS7Device.Drives.Hoist_Status.MotorTemp	Drives.Hoist_Status.MotorTemp	ImportS7Device	Drives	90679	7.623000330898859e-05	0.9946495934549321
131	ImportS7Device.General.HoistLoadStatic	General.HoistLoadStatic	ImportS7Device	General	89459	7.520440086479571e-05	0.9947247978557968
132	ImportS7Device.General.SWLPlatform	General.SWLPlatform	ImportS7Device	General	85918	7.222763180341294e-05	0.9947970254876003
133	ImportS7Device.OutsideTemp.BoomSensorTip	OutsideTemp.BoomSensorTip	ImportS7Device	OutsideTemp	83884	7.051773395793072e-05	0.9948675432215582
134	ImportS7Device.Drives.ChillerFan_Status.ActualTorque	Drives.ChillerFan_Status.ActualTorque	ImportS7Device	Drives	78880	6.631108262125762e-05	0.9949338543041795
135	ImportS7Device.LoadCells.MainLC_LoopB_Raw	LoadCells.MainLC_LoopB_Raw	ImportS7Device	LoadCells	70626	5.9372293625874e-05	0.9949932265978053
136	ImportS7Device.LoadCells.MainLC_LoopA_Raw	LoadCells.MainLC_LoopA_Raw	ImportS7Device	LoadCells	70589	5.9341189289451755e-05	0.9950525677870947
137	ImportS7Device.Drives.SlewA_Status.MotorTemp	Drives.SlewA_Status.MotorTemp	ImportS7Device	Drives	66234	5.568012482677963e-05	0.9951082479119215
138	ImportS7Device.HVAC.ResistorCoolant.CoolantTemperature	HVAC.ResistorCoolant.CoolantTemperature	ImportS7Device	HVAC	65801	5.5316120024865274e-05	0.9951635640319464
139	ImportS7Device.Drives.SlewB_Status.MotorTemp	Drives.SlewB_Status.MotorTemp	ImportS7Device	Drives	62231	5.231497188898939e-05	0.9952158790038355
140	ImportS7Device.SafetySystems.AOPS HoldForceLevel	SafetySystems.AOPS HoldForceLevel	ImportS7Device	SafetySystems	48160	4.0486076813384475e-05	0.9952563650806487
141	ImportS7Device.OutsideTemp.BoomSensorMiddle	OutsideTemp.BoomSensorMiddle	ImportS7Device	OutsideTemp	46839	3.937556793733628e-05	0.9952957406485862
142	ImportS7Device.Drives.ResistorFan_Status.ActualSpeed	Drives.ResistorFan_Status.ActualSpeed	ImportS7Device	Drives	44183	3.714278097686392e-05	0.9953328834295629
143	ImportS7Device.OutsideTemp.BoomSensorBottom	OutsideTemp.BoomSensorBottom	ImportS7Device	OutsideTemp	42484	3.571450347466416e-05	0.9953685979330377
144	ImportS7Device.Drives.ChillerFan_Status.ActualCurrent	Drives.ChillerFan_Status.ActualCurrent	ImportS7Device	Drives	41318	3.473429654849293e-05	0.9954033322295861
145	ImportS7Device.HVAC.MotorCoolant.CoolantTemperature	HVAC.MotorCoolant.CoolantTemperature	ImportS7Device	HVAC	41157	3.4598950652169116e-05	0.9954379311802383
146	ImportS7Device.Energy.PACA.LineFrequency	Energy.PACA.LineFrequency	ImportS7Device	Energy	41119	3.456700565800574e-05	0.9954724981858963
147	ImportS7Device.Hyd.HoistEOSEnablePress	Hyd.HoistEOSEnablePress	ImportS7Device	Hyd	40540	3.408026482588469e-05	0.9955065784507222
148	ImportS7Device.Hyd.SlewEOSEnablePress	Hyd.SlewEOSEnablePress	ImportS7Device	Hyd	39525	3.3226997218625855e-05	0.9955398054479409
149	ImportS7Device.Hyd.BoomBrakesApplied	Hyd.BoomBrakesApplied	ImportS7Device	Hyd	39380	3.310510184616031e-05	0.995572910549787
150	ImportS7Device.Drives.Boom_Control.BrakeReleased	Drives.Boom_Control.BrakeReleased	ImportS7Device	Drives	39376	3.310173921519574e-05	0.9956060122890021
151	ImportS7Device.Hyd.BoomPrimaryApplied	Hyd.BoomPrimaryApplied	ImportS7Device	Hyd	39339	3.30706348787735e-05	0.9956390829238809
152	ImportS7Device.Hyd.BoomEOSEnablePress	Hyd.BoomEOSEnablePress	ImportS7Device	Hyd	39311	3.3047096462021534e-05	0.9956721300203429
153	ImportS7Device.Hyd.BoomPrimarySolenoid	Hyd.BoomPrimarySolenoid	ImportS7Device	Hyd	38749	3.25746468114999e-05	0.9957047046671544
154	ImportS7Device.Hyd.BoomPrimaryReleased	Hyd.BoomPrimaryReleased	ImportS7Device	Hyd	38639	3.248217445997431e-05	0.9957371868416145
155	ImportS7Device.Hyd.BoomBrakesReleased	Hyd.BoomBrakesReleased	ImportS7Device	Hyd	38630	3.247460854030403e-05	0.9957696614501548
156	ImportS7Device.Drives.ACFan_Status.ActualTorque	Drives.ACFan_Status.ActualTorque	ImportS7Device	Drives	38493	3.235943842976762e-05	0.9958020208885845
157	ImportS7Device.Drives.Boom_Control.LoadTransferActive	Drives.Boom_Control.LoadTransferActive	ImportS7Device	Drives	38175	3.2092109268084554e-05	0.9958341129978526
158	ImportS7Device.Hyd.BrakesAppliedDrvOffBoom	Hyd.BrakesAppliedDrvOffBoom	ImportS7Device	Hyd	38053	3.198954902366527e-05	0.9958661025468762
159	ImportS7Device.Drives.Boom_Status.Running	Drives.Boom_Status.Running	ImportS7Device	Drives	38029	3.1969373237877865e-05	0.9958980719201141
160	ImportS7Device.Drives.Boom_Control.Start	Drives.Boom_Control.Start	ImportS7Device	Drives	38006	3.195003810983161e-05	0.995930021958224
161	ImportS7Device.Energy.PACB.LineFrequency	Energy.PACB.LineFrequency	ImportS7Device	Energy	33705	2.8334369165181138e-05	0.9959583563273892
162	ImportS7Device.Interlocks.Slew.LimitSlewMomentLeft	Interlocks.Slew.LimitSlewMomentLeft	ImportS7Device	Interlocks	32292	2.714651977694791e-05	0.9959855028471661
163	ImportS7Device.Interlocks.Slew.LimitSlewMomentRight	Interlocks.Slew.LimitSlewMomentRight	ImportS7Device	Interlocks	32292	2.714651977694791e-05	0.9960126493669431
164	ImportS7Device.Drives.EmergRectifier.Temperature	Drives.EmergRectifier.Temperature	ImportS7Device	Drives	32291	2.714567911920677e-05	0.9960397950460623
165	ImportS7Device.Hyd.SlewBrakeApplied	Hyd.SlewBrakeApplied	ImportS7Device	Hyd	29079	2.4445486454659615e-05	0.996064240532517
166	ImportS7Device.Hyd.SlewBrakeSolenoidA	Hyd.SlewBrakeSolenoidA	ImportS7Device	Hyd	28732	2.4153778218483443e-05	0.9960883943107354
167	ImportS7Device.Hyd.SlewBrakeSolenoidB	Hyd.SlewBrakeSolenoidB	ImportS7Device	Hyd	28732	2.4153778218483443e-05	0.9961125480889539
168	ImportS7Device.Hyd.HoistPrimarySolenoid	Hyd.HoistPrimarySolenoid	ImportS7Device	Hyd	28716	2.4140327694625178e-05	0.9961366884166485
169	ImportS7Device.Hyd.HoistBrakesApplied	Hyd.HoistBrakesApplied	ImportS7Device	Hyd	28643	2.4078959679521833e-05	0.9961607673763281
170	ImportS7Device.Drives.Hoist_Control.BrakeReleased	Drives.Hoist_Control.BrakeReleased	ImportS7Device	Drives	28639	2.4075597048557267e-05	0.9961848429733766
171	ImportS7Device.Hyd.HoistPrimaryApplied	Hyd.HoistPrimaryApplied	ImportS7Device	Hyd	28630	2.4068031128886992e-05	0.9962089110045055
172	ImportS7Device.Drives.MainRectifier.Temperature	Drives.MainRectifier.Temperature	ImportS7Device	Drives	28566	2.4014229033453923e-05	0.9962329252335389
173	ImportS7Device.Hyd.HoistPrimaryReleased	Hyd.HoistPrimaryReleased	ImportS7Device	Hyd	28558	2.400750377152479e-05	0.9962569327373104
174	ImportS7Device.Hyd.HoistBrakesReleased	Hyd.HoistBrakesReleased	ImportS7Device	Hyd	28555	2.4004981798301362e-05	0.9962809377191088
175	ImportS7Device.Hyd.SlewBrakeReleased	Hyd.SlewBrakeReleased	ImportS7Device	Hyd	28512	2.396883351543227e-05	0.9963049065526242
176	ImportS7Device.Drives.SlewA_Status.Running	Drives.SlewA_Status.Running	ImportS7Device	Drives	28079	2.3604828713517913e-05	0.9963285113813377
177	ImportS7Device.Hyd.BrakesAppliedDrvOffSlew	Hyd.BrakesAppliedDrvOffSlew	ImportS7Device	Hyd	28073	2.3599784767071062e-05	0.9963521111661048
178	ImportS7Device.Drives.SlewB_Control.Start	Drives.SlewB_Control.Start	ImportS7Device	Drives	28073	2.3599784767071062e-05	0.9963757109508719
179	ImportS7Device.Drives.SlewA_Control.Start	Drives.SlewA_Control.Start	ImportS7Device	Drives	28073	2.3599784767071062e-05	0.9963993107356389
180	ImportS7Device.Drives.Hoist_Control.LoadTransferActive	Drives.Hoist_Control.LoadTransferActive	ImportS7Device	Drives	28031	2.356447714194311e-05	0.9964228752127808
181	ImportS7Device.Drives.SlewB_Status.Running	Drives.SlewB_Status.Running	ImportS7Device	Drives	27893	2.3448466373665554e-05	0.9964463236791545
182	ImportS7Device.Hyd.BrakesAppliedDrvOffHoist	Hyd.BrakesAppliedDrvOffHoist	ImportS7Device	Hyd	27855	2.341652137950217e-05	0.996469740200534
183	ImportS7Device.Drives.Hoist_Status.Running	Drives.Hoist_Status.Running	ImportS7Device	Drives	27835	2.3399708224679336e-05	0.9964931399087588
184	ImportS7Device.Drives.Hoist_Control.Start	Drives.Hoist_Control.Start	ImportS7Device	Drives	27824	2.339046098952678e-05	0.9965165303697483
185	ImportS7Device.HVAC.MotorCoolant.DriveHouse_Temp	HVAC.MotorCoolant.DriveHouse_Temp	ImportS7Device	HVAC	26638	2.2393440908532717e-05	0.9965389238106568
186	ImportS7Device.General.NumberOfErrors	General.NumberOfErrors	ImportS7Device	General	26043	2.18932495525534e-05	0.9965608170602094
187	ImportS7Device.CBM.SlewBearing_Rotation	CBM.SlewBearing_Rotation	ImportS7Device	CBM	25501	2.1437613056854598e-05	0.9965822546732662
188	ImportS7Device.Drives.MainRectifier.SupplyFrequency	Drives.MainRectifier.SupplyFrequency	ImportS7Device	Drives	24403	2.0514570857081007e-05	0.9966027692441233
189	ImportS7Device.Encoders.BoomAngle_Raw	Encoders.BoomAngle_Raw	ImportS7Device	Encoders	23551	1.9798330461628276e-05	0.9966225675745849
190	ImportS7Device.CM.Counts_BoomPrimary	CM.Counts_BoomPrimary	ImportS7Device	CM	22979	1.931747423369522e-05	0.9966418850488186
191	ImportS7Device.CM.Counts_SlewBrakeA	CM.Counts_SlewBrakeA	ImportS7Device	CM	22979	1.931747423369522e-05	0.9966612025230522
192	ImportS7Device.General.Operation	General.Operation	ImportS7Device	General	22815	1.917960636414798e-05	0.9966803821294165
193	ImportS7Device.Drives.ResistorFan_Control.DriveSpeedRpm	Drives.ResistorFan_Control.DriveSpeedRpm	ImportS7Device	Drives	22520	1.8931612330511178e-05	0.9966993137417469
194	ImportS7Device.Interlocks.Boom.SpeedReductionFactor	Interlocks.Boom.SpeedReductionFactor	ImportS7Device	Interlocks	21421	1.8007729472996445e-05	0.9967173214712199
195	ImportS7Device.HVAC.Cabin.DefrosterTemp	HVAC.Cabin.DefrosterTemp	ImportS7Device	HVAC	21042	1.768912018910374e-05	0.996735010591409
196	ImportS7Device.BCMS.BoomPrimary_ResponseOff	BCMS.BoomPrimary_ResponseOff	ImportS7Device	BCMS	20785	1.7473071149630323e-05	0.9967524836625586
197	ImportS7Device.BCMS.BoomPrimary_ResponseOn	BCMS.BoomPrimary_ResponseOn	ImportS7Device	BCMS	20631	1.7343609857494498e-05	0.9967698272724161
198	ImportS7Device.HVAC.MotorCoolant.ChillerCondenser_StatusOK	HVAC.MotorCoolant.ChillerCondenser_StatusOK	ImportS7Device	HVAC	19964	1.6782891144152983e-05	0.9967866101635603
199	ImportS7Device.Drives.ChillerFan_Status.ReadyToRun	Drives.ChillerFan_Status.ReadyToRun	ImportS7Device	Drives	19958	1.6777847197706132e-05	0.9968033880107581
200	ImportS7Device.General.ErrorNo	General.ErrorNo	ImportS7Device	General	19945	1.676691864707129e-05	0.9968201549294051
201	ImportS7Device.Drives.SlewB_Control.EnableDrooping	Drives.SlewB_Control.EnableDrooping	ImportS7Device	Drives	17957	1.5095691057681582e-05	0.9968352506204627
202	ImportS7Device.CM.Counts_MainPrimary	CM.Counts_MainPrimary	ImportS7Device	CM	17943	1.5083921849305598e-05	0.9968503345423121
203	ImportS7Device.Drives.SlewA_Control.EnableDrooping	Drives.SlewA_Control.EnableDrooping	ImportS7Device	Drives	17861	1.5014987914531978e-05	0.9968653495302267
204	ImportS7Device.Drives.ResistorFan_Status.ActualCurrent	Drives.ResistorFan_Status.ActualCurrent	ImportS7Device	Drives	17232	1.4486214195353847e-05	0.996879835744422
205	ImportS7Device.FleetReport.NoAlarmsPresent	FleetReport.NoAlarmsPresent	ImportS7Device	FleetReport	16804	1.4126412682145198e-05	0.9968939621571041
206	ImportS7Device.BCMS.SlewBrakeA_ResponseOff	BCMS.SlewBrakeA_ResponseOff	ImportS7Device	BCMS	16551	1.3913726273636346e-05	0.9969078758833778
207	ImportS7Device.BCMS.HoistPrimary_ResponseOff	BCMS.HoistPrimary_ResponseOff	ImportS7Device	BCMS	16537	1.3901957065260362e-05	0.996921777840443
208	ImportS7Device.Drives.Hoist_Control.TorqueLimitPos	Drives.Hoist_Control.TorqueLimitPos	ImportS7Device	Drives	16428	1.3810325371475917e-05	0.9969355881658145
209	ImportS7Device.BCMS.SlewBrakeB_ResponseOff	BCMS.SlewBrakeB_ResponseOff	ImportS7Device	BCMS	16406	1.3791830901170798e-05	0.9969493799967156
210	ImportS7Device.BCMS.HoistPrimary_ResponseOn	BCMS.HoistPrimary_ResponseOn	ImportS7Device	BCMS	16279	1.3685067368045802e-05	0.9969630650640837
211	ImportS7Device.BCMS.SlewBrakeB_ResponseOn	BCMS.SlewBrakeB_ResponseOn	ImportS7Device	BCMS	16261	1.3669935528705252e-05	0.9969767349996124
212	ImportS7Device.BCMS.SlewBrakeA_ResponseOn	BCMS.SlewBrakeA_ResponseOn	ImportS7Device	BCMS	16227	1.3641353165506434e-05	0.9969903763527779
213	ImportS7Device.Drives.Boom_Control.TorqueLimitPos	Drives.Boom_Control.TorqueLimitPos	ImportS7Device	Drives	16194	1.3613611460048757e-05	0.997003989964238
214	ImportS7Device.Drives.Boom_Control.TorqueLimitNeg	Drives.Boom_Control.TorqueLimitNeg	ImportS7Device	Drives	16194	1.3613611460048757e-05	0.997017603575698
215	ImportS7Device.Drives.ResistorFan_Status.ActualTorque	Drives.ResistorFan_Status.ActualTorque	ImportS7Device	Drives	16024	1.3470699644054668e-05	0.9970310742753421
216	ImportS7Device.Drives.ChillerFan_Status.Running	Drives.ChillerFan_Status.Running	ImportS7Device	Drives	16016	1.3463974382125533e-05	0.9970445382497242
217	ImportS7Device.Drives.Hoist_Control.TorqueLimitNeg	Drives.Hoist_Control.TorqueLimitNeg	ImportS7Device	Drives	16013	1.346145240890211e-05	0.9970579997021332
218	ImportS7Device.Interlocks.Boom.StopBrakesOn	Interlocks.Boom.StopBrakesOn	ImportS7Device	Interlocks	15924	1.3386633869940498e-05	0.997071386336003
219	ImportS7Device.Interlocks.Slew.StopBrakesOn	Interlocks.Slew.StopBrakesOn	ImportS7Device	Interlocks	15924	1.3386633869940498e-05	0.997084772969873
220	ImportS7Device.Interlocks.Hoist.StopBrakesOn	Interlocks.Hoist.StopBrakesOn	ImportS7Device	Interlocks	15922	1.3384952554458215e-05	0.9970981579224274
221	ImportS7Device.Interlocks.Hoist.SpeedRegulationFactor	Interlocks.Hoist.SpeedRegulationFactor	ImportS7Device	Interlocks	15780	1.3265579155216092e-05	0.9971114235015827
222	ImportS7Device.Joysticks.Activated	Joysticks.Activated	ImportS7Device	Joysticks	15494	1.3025151041249564e-05	0.997124448652624
223	ImportS7Device.Hyd.HoistSecondarySolenoid	Hyd.HoistSecondarySolenoid	ImportS7Device	Hyd	15332	1.288896448718461e-05	0.9971373376171111
224	ImportS7Device.Hyd.HoistSecondaryApplied	Hyd.HoistSecondaryApplied	ImportS7Device	Hyd	15105	1.2698135179945441e-05	0.997150035752291
225	ImportS7Device.Hyd.HoistSecondaryReleased	Hyd.HoistSecondaryReleased	ImportS7Device	Hyd	15074	1.267207478997005e-05	0.997162707827081
226	ImportS7Device.HVAC.Cabin.Temperature	HVAC.Cabin.Temperature	ImportS7Device	HVAC	14355	1.2067641874089163e-05	0.997174775468955
227	ImportS7Device.Hyd.BoomSecondarySolenoid	Hyd.BoomSecondarySolenoid	ImportS7Device	Hyd	14228	1.1960878340964167e-05	0.997186736347296
228	ImportS7Device.Hyd.BoomSecondaryApplied	Hyd.BoomSecondaryApplied	ImportS7Device	Hyd	14175	1.1916323480683657e-05	0.9971986526707768
229	ImportS7Device.HVAC.ResistorCoolant.CoolantPressure	HVAC.ResistorCoolant.CoolantPressure	ImportS7Device	HVAC	13993	1.1763323771795867e-05	0.9972104159945485
230	ImportS7Device.Hyd.BoomSecondaryReleased	Hyd.BoomSecondaryReleased	ImportS7Device	Hyd	13984	1.1755757852125591e-05	0.9972221717524007
231	ImportS7Device.Interlocks.Hoist.SpeedLimitPctDown	Interlocks.Hoist.SpeedLimitPctDown	ImportS7Device	Interlocks	13968	1.1742307328267324e-05	0.9972339140597289
232	ImportS7Device.General.SlewLubeRacewayPumpOn	General.SlewLubeRacewayPumpOn	ImportS7Device	General	13127	1.1035314167967151e-05	0.9972449493738968
233	ImportS7Device.General.AlarmAck	General.AlarmAck	ImportS7Device	General	12667	1.0648611607041967e-05	0.9972555979855039
234	ImportS7Device.General.AlarmHorn	General.AlarmHorn	ImportS7Device	General	12381	1.040818349307544e-05	0.997266006168997
235	ImportS7Device.General.SlewLubeGearingPumpOn	General.SlewLubeGearingPumpOn	ImportS7Device	General	12336	1.0370353894724063e-05	0.9972763765228917
236	ImportS7Device.CM.Counts_MainSecondary	CM.Counts_MainSecondary	ImportS7Device	CM	11257	9.463284192032163e-06	0.9972858398070837
237	ImportS7Device.CM.Counts_SlewBrakeB	CM.Counts_SlewBrakeB	ImportS7Device	CM	10710	9.003444407627651e-06	0.9972948432514914
238	ImportS7Device.CM.Counts_BoomSecondary	CM.Counts_BoomSecondary	ImportS7Device	CM	10710	9.003444407627651e-06	0.997303846695899
239	ImportS7Device.BCMS.HoistSecondary_ResponseOff	BCMS.HoistSecondary_ResponseOff	ImportS7Device	BCMS	10701	8.995878487957376e-06	0.997312842574387
240	ImportS7Device.FleetReport.LoadMonitoringOK	FleetReport.LoadMonitoringOK	ImportS7Device	FleetReport	10471	8.802527207494784e-06	0.9973216451015945
241	ImportS7Device.LoadCells.MainLC_Discrepancy	LoadCells.MainLC_Discrepancy	ImportS7Device	LoadCells	10461	8.794120630083368e-06	0.9973304392222245
242	ImportS7Device.LoadCells.MainLC_StatusOK	LoadCells.MainLC_StatusOK	ImportS7Device	LoadCells	10461	8.794120630083368e-06	0.9973392333428547
243	ImportS7Device.BCMS.HostSecondary_ResponseOn	BCMS.HostSecondary_ResponseOn	ImportS7Device	BCMS	10394	8.737796561426873e-06	0.9973479711394161
244	ImportS7Device.BCMS.BoomSecondary_ResponseOff	BCMS.BoomSecondary_ResponseOff	ImportS7Device	BCMS	10296	8.655412102794986e-06	0.9973566265515189
245	ImportS7Device.CM.Counts_HPUstart	CM.Counts_HPUstart	ImportS7Device	CM	10264	8.628511055078452e-06	0.9973652550625739
246	ImportS7Device.Interlocks.Slew.SpeedReductionFactor	Interlocks.Slew.SpeedReductionFactor	ImportS7Device	Interlocks	9964	8.376313732735941e-06	0.9973736313763066
247	ImportS7Device.BCMS.BoomSecondary_ResponseOn	BCMS.BoomSecondary_ResponseOn	ImportS7Device	BCMS	9943	8.358659920171965e-06	0.9973819900362269
248	ImportS7Device.HVAC.MotorCoolant.CoolantPressure	HVAC.MotorCoolant.CoolantPressure	ImportS7Device	HVAC	9591	8.062748395290084e-06	0.9973900527846221
249	ImportS7Device.SafetySystems.AOPS SystemOK	SafetySystems.AOPS SystemOK	ImportS7Device	SafetySystems	9140	7.683611754035176e-06	0.9973977363963762
250	ImportS7Device.Interlocks.Hoist.SpeedReductionFactor	Interlocks.Hoist.SpeedReductionFactor	ImportS7Device	Interlocks	8893	7.475969291973175e-06	0.9974052123656681
251	ImportS7Device.Drives.ACFan_Status.Running	Drives.ACFan_Status.Running	ImportS7Device	Drives	8863	7.450749559738924e-06	0.9974126631152279
252	ImportS7Device.HVAC.Cabin.Defroster_HeaterEffect	HVAC.Cabin.Defroster_HeaterEffect	ImportS7Device	HVAC	8552	7.189305002243854e-06	0.9974198524202301
253	ImportS7Device.Interlocks.Hoist.InhibitBrakesOn	Interlocks.Hoist.InhibitBrakesOn	ImportS7Device	Interlocks	8526	7.16744790097417e-06	0.9974270198681311
254	ImportS7Device.SafetySystems.MOPS_Disarmed	SafetySystems.MOPS_Disarmed	ImportS7Device	SafetySystems	8501	7.146431457445627e-06	0.9974341662995886
255	ImportS7Device.Interlocks.Slew.InhibitAutoBrakesOn	Interlocks.Slew.InhibitAutoBrakesOn	ImportS7Device	Interlocks	8498	7.143909484222203e-06	0.9974413102090728
256	ImportS7Device.General.SeaLift	General.SeaLift	ImportS7Device	General	8497	7.14306882648106e-06	0.9974484532778992
257	ImportS7Device.SafetySystems.MOPS_Armed	SafetySystems.MOPS_Armed	ImportS7Device	SafetySystems	8497	7.14306882648106e-06	0.9974555963467258
258	ImportS7Device.CM.Hours_CoolantPumpB	CM.Hours_CoolantPumpB	ImportS7Device	CM	8336	7.007722930157246e-06	0.9974626040696559
259	ImportS7Device.CM.Hours_MainRectifier	CM.Hours_MainRectifier	ImportS7Device	CM	8334	7.006041614674962e-06	0.9974696101112706
260	ImportS7Device.CM.Hours_CoolantPumpA	CM.Hours_CoolantPumpA	ImportS7Device	CM	8324	6.9976350372635455e-06	0.9974766077463079
261	ImportS7Device.CM.Hours_CoolantPumpC	CM.Hours_CoolantPumpC	ImportS7Device	CM	8324	6.9976350372635455e-06	0.9974836053813451
262	ImportS7Device.CM.Hours_FreshAirFan	CM.Hours_FreshAirFan	ImportS7Device	CM	8318	6.992591090816695e-06	0.9974905979724359
263	ImportS7Device.CM.Hours_CondenserFanAC	CM.Hours_CondenserFanAC	ImportS7Device	CM	8225	6.914409920890517e-06	0.9974975123823568
264	ImportS7Device.Limits.HoistStopUp	Limits.HoistStopUp	ImportS7Device	Limits	8073	6.7866299442369775e-06	0.9975042990123011
265	ImportS7Device.Interlocks.Hoist.StopUp	Interlocks.Hoist.StopUp	ImportS7Device	Interlocks	8073	6.7866299442369775e-06	0.9975110856422453
266	ImportS7Device.Limits.HoistUpperLimit	Limits.HoistUpperLimit	ImportS7Device	Limits	8047	6.764772842967293e-06	0.9975178504150882
267	ImportS7Device.Interlocks.Boom.StopUp	Interlocks.Boom.StopUp	ImportS7Device	Interlocks	8042	6.760569554261585e-06	0.9975246109846425
268	ImportS7Device.Interlocks.Boom.StopDown	Interlocks.Boom.StopDown	ImportS7Device	Interlocks	7991	6.717696009463358e-06	0.997531328680652
269	ImportS7Device.SafetySystems.AOPS BoomOverLimit	SafetySystems.AOPS BoomOverLimit	ImportS7Device	SafetySystems	7964	6.694998250452532e-06	0.9975380236789024
270	ImportS7Device.CM.Hours_CoolantFan	CM.Hours_CoolantFan	ImportS7Device	CM	7882	6.626064315678912e-06	0.9975446497432181
271	ImportS7Device.General.Running	General.Running	ImportS7Device	General	7851	6.600003925703519e-06	0.9975512497471438
272	ImportS7Device.General.BoomParked	General.BoomParked	ImportS7Device	General	7783	6.542839199305884e-06	0.9975577925863431
273	ImportS7Device.Drives.ResistorFan_Status.Running	Drives.ResistorFan_Status.Running	ImportS7Device	Drives	7715	6.485674472908248e-06	0.9975642782608161
274	ImportS7Device.Drives.ResistorFan_Status.ReadyToRun	Drives.ResistorFan_Status.ReadyToRun	ImportS7Device	Drives	7611	6.398246067829511e-06	0.9975706765068838
275	ImportS7Device.Drives.ResistorFan_Control.DriveEnable	Drives.ResistorFan_Control.DriveEnable	ImportS7Device	Drives	7592	6.382273570747818e-06	0.9975770587804546
276	ImportS7Device.Drives.ResistorFan_Control.DriveStart	Drives.ResistorFan_Control.DriveStart	ImportS7Device	Drives	7571	6.3646197581838425e-06	0.9975834234002128
277	ImportS7Device.CM.Hours_MainWinch	CM.Hours_MainWinch	ImportS7Device	CM	7509	6.3124989782330565e-06	0.997589735899191
278	ImportS7Device.Drives.Boom_Status.ReadyToRun	Drives.Boom_Status.ReadyToRun	ImportS7Device	Drives	7501	6.305773716303923e-06	0.9975960416729073
279	ImportS7Device.HVAC.Cabin.Setpoint	HVAC.Cabin.Setpoint	ImportS7Device	HVAC	7492	6.2982077966336476e-06	0.9976023398807039
280	ImportS7Device.Limits.BoomUpperLimit	Limits.BoomUpperLimit	ImportS7Device	Limits	7484	6.291482534704514e-06	0.9976086313632386
281	ImportS7Device.Interlocks.Boom.ForceBrakesOn	Interlocks.Boom.ForceBrakesOn	ImportS7Device	Interlocks	7473	6.2822352995519555e-06	0.9976149135985383
282	ImportS7Device.Drives.STO_BoomHoist	Drives.STO_BoomHoist	ImportS7Device	Drives	7453	6.265422144729121e-06	0.9976211790206829
283	ImportS7Device.Drives.Boom_Status.ReadyToPowerUp	Drives.Boom_Status.ReadyToPowerUp	ImportS7Device	Drives	7444	6.257856225058846e-06	0.997627436876908
284	ImportS7Device.Drives.Boom_Status.InhibitActive	Drives.Boom_Status.InhibitActive	ImportS7Device	Drives	7440	6.254493594094279e-06	0.9976336913705021
285	ImportS7Device.Limits.BoomLowerLimit	Limits.BoomLowerLimit	ImportS7Device	Limits	7430	6.246087016682862e-06	0.9976399374575188
286	ImportS7Device.CM.Hours_SlewA	CM.Hours_SlewA	ImportS7Device	CM	7423	6.24020241249487e-06	0.9976461776599312
287	ImportS7Device.CM.Hours_SlewB	CM.Hours_SlewB	ImportS7Device	CM	7423	6.24020241249487e-06	0.9976524178623438
288	ImportS7Device.Interlocks.Slew.StopRight	Interlocks.Slew.StopRight	ImportS7Device	Interlocks	7403	6.223389257672036e-06	0.9976586412516014
289	ImportS7Device.SafetySystems.MMS_SystemOK	SafetySystems.MMS_SystemOK	ImportS7Device	SafetySystems	7396	6.217504653484044e-06	0.9976648587562549
290	ImportS7Device.FleetReport.DriveMonitoringOK	FleetReport.DriveMonitoringOK	ImportS7Device	FleetReport	7394	6.2158233380017606e-06	0.9976710745795929
291	ImportS7Device.Drives.EmergRectifier.WarningNumber	Drives.EmergRectifier.WarningNumber	ImportS7Device	Drives	7390	6.212460707037194e-06	0.9976772870403
292	ImportS7Device.SafetySystems.MMS_BoomOverspeed	SafetySystems.MMS_BoomOverspeed	ImportS7Device	SafetySystems	7384	6.207416760590344e-06	0.9976834944570605
293	ImportS7Device.Drives.MainRectifier.WarningNumber	Drives.MainRectifier.WarningNumber	ImportS7Device	Drives	7379	6.203213471884635e-06	0.9976896976705324
294	ImportS7Device.Drives.EmergRectifier.Alarm	Drives.EmergRectifier.Alarm	ImportS7Device	Drives	7375	6.1998508409200685e-06	0.9976958975213733
295	ImportS7Device.CM.Hours_BoomWinch	CM.Hours_BoomWinch	ImportS7Device	CM	7369	6.194806894473218e-06	0.9977020923282678
296	ImportS7Device.Drives.MainRectifier.Alarm	Drives.MainRectifier.Alarm	ImportS7Device	Drives	7365	6.191444263508652e-06	0.9977082837725313
297	ImportS7Device.Drives.Hoist_Status.ReadyToRun	Drives.Hoist_Status.ReadyToRun	ImportS7Device	Drives	7354	6.182197028356092e-06	0.9977144659695597
298	ImportS7Device.Interlocks.Slew.StopLeft	Interlocks.Slew.StopLeft	ImportS7Device	Interlocks	7333	6.164543215792117e-06	0.9977206305127755
299	ImportS7Device.Drives.Hoist_Status.ReadyToPowerUp	Drives.Hoist_Status.ReadyToPowerUp	ImportS7Device	Drives	7302	6.138482825816724e-06	0.9977267689956013
300	ImportS7Device.Interlocks.Hoist.ForceBrakesOn	Interlocks.Hoist.ForceBrakesOn	ImportS7Device	Interlocks	7301	6.137642168075582e-06	0.9977329066377694
301	ImportS7Device.Interlocks.Boom.StopBrakesOnQuickRamp	Interlocks.Boom.StopBrakesOnQuickRamp	ImportS7Device	Interlocks	7300	6.136801510334441e-06	0.9977390434392798
302	ImportS7Device.Interlocks.Slew.StopBrakesOnQuickRamp	Interlocks.Slew.StopBrakesOnQuickRamp	ImportS7Device	Interlocks	7300	6.136801510334441e-06	0.9977451802407901
303	ImportS7Device.Interlocks.Hoist.StopBrakesOnQuickRamp	Interlocks.Hoist.StopBrakesOnQuickRamp	ImportS7Device	Interlocks	7300	6.136801510334441e-06	0.9977513170423004
304	ImportS7Device.Drives.Hoist_Status.InhibitActive	Drives.Hoist_Status.InhibitActive	ImportS7Device	Drives	7298	6.135120194852157e-06	0.9977574521624952
305	ImportS7Device.General.CT_Activate	General.CT_Activate	ImportS7Device	General	7292	6.130076248405307e-06	0.9977635822387436
306	ImportS7Device.Drives.STO_HoistBoom	Drives.STO_HoistBoom	ImportS7Device	Drives	7289	6.1275542751818815e-06	0.9977697097930188
307	ImportS7Device.HVAC.Cabin.Defroster_FanSpeed	HVAC.Cabin.Defroster_FanSpeed	ImportS7Device	HVAC	7278	6.118307040029323e-06	0.9977758281000588
308	ImportS7Device.CM.Hours_CondenserFanChiller	CM.Hours_CondenserFanChiller	ImportS7Device	CM	7269	6.110741120359048e-06	0.9977819388411792
309	ImportS7Device.General.WaveHeight	General.WaveHeight	ImportS7Device	General	7267	6.109059804876765e-06	0.9977880479009841
310	ImportS7Device.Drives.SlewB_Status.ReadyToRun	Drives.SlewB_Status.ReadyToRun	ImportS7Device	Drives	7263	6.105697173912197e-06	0.997794153598158
311	ImportS7Device.FleetReport.PowerMonitoringOK	FleetReport.PowerMonitoringOK	ImportS7Device	FleetReport	7261	6.104015858429914e-06	0.9978002576140165
312	ImportS7Device.Drives.MainRectifier.Running	Drives.MainRectifier.Running	ImportS7Device	Drives	7251	6.095609281018497e-06	0.9978063532232975
313	ImportS7Device.HVAC.Cabin.ACMode	HVAC.Cabin.ACMode	ImportS7Device	HVAC	7250	6.094768623277356e-06	0.9978124479919207
314	ImportS7Device.Drives.EmergRectifier.Running	Drives.EmergRectifier.Running	ImportS7Device	Drives	7249	6.093927965536213e-06	0.9978185419198863
315	ImportS7Device.Drives.SlewA_Status.ReadyToRun	Drives.SlewA_Status.ReadyToRun	ImportS7Device	Drives	7244	6.089724676830505e-06	0.9978246316445631
316	ImportS7Device.General.MasterOverride	General.MasterOverride	ImportS7Device	General	7244	6.089724676830505e-06	0.9978307213692399
317	ImportS7Device.Interlocks.Hoist.StopDown	Interlocks.Hoist.StopDown	ImportS7Device	Interlocks	7243	6.088884019089364e-06	0.997836810253259
318	ImportS7Device.Limits.HoistStopDown	Limits.HoistStopDown	ImportS7Device	Limits	7242	6.088043361348222e-06	0.9978428982966203
319	ImportS7Device.Drives.Hoist_Control.EnableDrive	Drives.Hoist_Control.EnableDrive	ImportS7Device	Drives	7237	6.083840072642513e-06	0.997848982136693
320	ImportS7Device.Drives.SlewB_Control.EnableDrive	Drives.SlewB_Control.EnableDrive	ImportS7Device	Drives	7235	6.08215875716023e-06	0.9978550642954501
321	ImportS7Device.Drives.Boom_Control.EnableDrive	Drives.Boom_Control.EnableDrive	ImportS7Device	Drives	7234	6.081318099419088e-06	0.9978611456135495
322	ImportS7Device.Drives.SlewA_Control.EnableDrive	Drives.SlewA_Control.EnableDrive	ImportS7Device	Drives	7234	6.081318099419088e-06	0.997867226931649
323	ImportS7Device.HVAC.Cabin.ACFanSpeed	HVAC.Cabin.ACFanSpeed	ImportS7Device	HVAC	7233	6.080477441677946e-06	0.9978733074090906
324	ImportS7Device.PowerSupply.MainPower_StatusOK	PowerSupply.MainPower_StatusOK	ImportS7Device	PowerSupply	7231	6.078796126195663e-06	0.9978793862052169
325	ImportS7Device.Encoders.Boom_Discrepancy	Encoders.Boom_Discrepancy	ImportS7Device	Encoders	7230	6.077955468454521e-06	0.9978854641606854
326	ImportS7Device.Drives.ResistorFan_Status.WarningPresent	Drives.ResistorFan_Status.WarningPresent	ImportS7Device	Drives	7225	6.073752179748813e-06	0.9978915379128651
327	ImportS7Device.FleetReport.PositionMonitoringOK	FleetReport.PositionMonitoringOK	ImportS7Device	FleetReport	7224	6.072911522007671e-06	0.9978976108243871
328	ImportS7Device.HVAC.Cabin.Cooling	HVAC.Cabin.Cooling	ImportS7Device	HVAC	7221	6.070389548784246e-06	0.9979036812139359
329	ImportS7Device.Drives.ChillerFan_Status.AlarmNumber	Drives.ChillerFan_Status.AlarmNumber	ImportS7Device	Drives	7217	6.0670269178196795e-06	0.9979097482408537
330	ImportS7Device.Drives.ChillerFan_Status.WarningPresent	Drives.ChillerFan_Status.WarningPresent	ImportS7Device	Drives	7217	6.0670269178196795e-06	0.9979158152677715
331	ImportS7Device.FleetReport.ProfinetMonitoringOK	FleetReport.ProfinetMonitoringOK	ImportS7Device	FleetReport	7215	6.0653456023373955e-06	0.9979218806133738
332	ImportS7Device.Drives.ResistorFan_Status.AlarmNumber	Drives.ResistorFan_Status.AlarmNumber	ImportS7Device	Drives	7211	6.061982971372829e-06	0.9979279425963452
333	ImportS7Device.PowerSupply.EmergPower_StatusOK	PowerSupply.EmergPower_StatusOK	ImportS7Device	PowerSupply	7211	6.061982971372829e-06	0.9979340045793166
334	ImportS7Device.Drives.ChillerFan_Status.ReadyToPowerUp	Drives.ChillerFan_Status.ReadyToPowerUp	ImportS7Device	Drives	7209	6.060301655890546e-06	0.9979400648809725
335	ImportS7Device.Drives.ACFan_Status.WarningPresent	Drives.ACFan_Status.WarningPresent	ImportS7Device	Drives	7207	6.058620340408262e-06	0.9979461235013128
336	ImportS7Device.Drives.ChillerFan_Status.InhibitActive	Drives.ChillerFan_Status.InhibitActive	ImportS7Device	Drives	7205	6.056939024925979e-06	0.9979521804403378
337	ImportS7Device.Drives.ChillerFan_Status.FaultPresent	Drives.ChillerFan_Status.FaultPresent	ImportS7Device	Drives	7205	6.056939024925979e-06	0.9979582373793627
338	ImportS7Device.Drives.ChillerFan_Status.FaultNumber	Drives.ChillerFan_Status.FaultNumber	ImportS7Device	Drives	7205	6.056939024925979e-06	0.9979642943183876
339	ImportS7Device.SafetySystems.SlackWireHoist	SafetySystems.SlackWireHoist	ImportS7Device	SafetySystems	7204	6.056098367184837e-06	0.9979703504167549
340	ImportS7Device.SafetySystems.AC_Crane1_Active	SafetySystems.AC_Crane1_Active	ImportS7Device	SafetySystems	7204	6.056098367184837e-06	0.9979764065151221
341	ImportS7Device.Drives.ACFan_Status.ReadyToPowerUp	Drives.ACFan_Status.ReadyToPowerUp	ImportS7Device	Drives	7200	6.05273573622027e-06	0.9979824592508583
342	ImportS7Device.HVAC.Cabin.SystemMode	HVAC.Cabin.SystemMode	ImportS7Device	HVAC	7199	6.051895078479128e-06	0.9979885111459368
343	ImportS7Device.Drives.ACFan_Status.AlarmNumber	Drives.ACFan_Status.AlarmNumber	ImportS7Device	Drives	7199	6.051895078479128e-06	0.9979945630410152
344	ImportS7Device.Drives.ACFan_Status.InhibitActive	Drives.ACFan_Status.InhibitActive	ImportS7Device	Drives	7196	6.049373105255703e-06	0.9980006124141205
345	ImportS7Device.Drives.ACFan_Status.FaultPresent	Drives.ACFan_Status.FaultPresent	ImportS7Device	Drives	7196	6.049373105255703e-06	0.9980066617872257
346	ImportS7Device.Drives.ACFan_Status.FaultNumber	Drives.ACFan_Status.FaultNumber	ImportS7Device	Drives	7196	6.049373105255703e-06	0.998012711160331
347	ImportS7Device.Drives.SlewB_Status.ReadyToPowerUp	Drives.SlewB_Status.ReadyToPowerUp	ImportS7Device	Drives	7189	6.043488501067711e-06	0.998018754648832
348	ImportS7Device.Drives.SlewB_Status.FaultPresent	Drives.SlewB_Status.FaultPresent	ImportS7Device	Drives	7185	6.040125870103145e-06	0.9980247947747022
349	ImportS7Device.Drives.SlewB_Status.FaultNumber	Drives.SlewB_Status.FaultNumber	ImportS7Device	Drives	7185	6.040125870103145e-06	0.9980308349005722
350	ImportS7Device.Drives.SlewB_Status.InhibitActive	Drives.SlewB_Status.InhibitActive	ImportS7Device	Drives	7185	6.040125870103145e-06	0.9980368750264423
351	ImportS7Device.General.CraneCondition	General.CraneCondition	ImportS7Device	General	7184	6.0392852123620025e-06	0.9980429143116547
352	ImportS7Device.Interlocks.Hoist.RedundantBrakeOperation	Interlocks.Hoist.RedundantBrakeOperation	ImportS7Device	Interlocks	7181	6.036763239138578e-06	0.9980489510748939
353	ImportS7Device.Interlocks.Boom.RedundantBrakeOperation	Interlocks.Boom.RedundantBrakeOperation	ImportS7Device	Interlocks	7181	6.036763239138578e-06	0.998054987838133
354	ImportS7Device.SafetySystems.AOPS HoistOverLimit	SafetySystems.AOPS HoistOverLimit	ImportS7Device	SafetySystems	7180	6.035922581397436e-06	0.9980610237607144
355	ImportS7Device.General.MOBLift	General.MOBLift	ImportS7Device	General	7180	6.035922581397436e-06	0.9980670596832958
356	ImportS7Device.General.CT_Ready	General.CT_Ready	ImportS7Device	General	7178	6.034241265915153e-06	0.9980730939245617
357	ImportS7Device.General.Fall	General.Fall	ImportS7Device	General	7178	6.034241265915153e-06	0.9980791281658277
358	ImportS7Device.CM.Hours_HPU	CM.Hours_HPU	ImportS7Device	CM	7177	6.033400608174011e-06	0.9980851615664358
359	ImportS7Device.HVAC.Cabin.Heating	HVAC.Cabin.Heating	ImportS7Device	HVAC	7177	6.033400608174011e-06	0.998091194967044
360	ImportS7Device.Drives.Contactor	Drives.Contactor	ImportS7Device	Drives	7177	6.033400608174011e-06	0.9980972283676521
361	ImportS7Device.Drives.ResistorFan_Status.FaultPresent	Drives.ResistorFan_Status.FaultPresent	ImportS7Device	Drives	7176	6.03255995043287e-06	0.9981032609276026
362	ImportS7Device.Drives.ResistorFan_Status.ReadyToPowerUp	Drives.ResistorFan_Status.ReadyToPowerUp	ImportS7Device	Drives	7176	6.03255995043287e-06	0.9981092934875531
363	ImportS7Device.Drives.ResistorFan_Status.FaultNumber	Drives.ResistorFan_Status.FaultNumber	ImportS7Device	Drives	7174	6.030878634950586e-06	0.998115324366188
364	ImportS7Device.Drives.MainRectifier.Ready	Drives.MainRectifier.Ready	ImportS7Device	Drives	7174	6.030878634950586e-06	0.9981213552448229
365	ImportS7Device.Drives.EmergRectifier.Ready	Drives.EmergRectifier.Ready	ImportS7Device	Drives	7172	6.029197319468302e-06	0.9981273844421424
366	ImportS7Device.Drives.ResistorFan_Status.InhibitActive	Drives.ResistorFan_Status.InhibitActive	ImportS7Device	Drives	7172	6.029197319468302e-06	0.9981334136394618
367	ImportS7Device.Drives.Hoist_Status.FaultPresent	Drives.Hoist_Status.FaultPresent	ImportS7Device	Drives	7170	6.027516003986019e-06	0.9981394411554658
368	ImportS7Device.Drives.MainRectifier.Inhibit	Drives.MainRectifier.Inhibit	ImportS7Device	Drives	7170	6.027516003986019e-06	0.9981454686714698
369	ImportS7Device.Drives.MainRectifier.FaultNumber	Drives.MainRectifier.FaultNumber	ImportS7Device	Drives	7170	6.027516003986019e-06	0.9981514961874738
370	ImportS7Device.Drives.SlewA_Status.ReadyToPowerUp	Drives.SlewA_Status.ReadyToPowerUp	ImportS7Device	Drives	7170	6.027516003986019e-06	0.9981575237034778
371	ImportS7Device.Drives.MainRectifier.Fault	Drives.MainRectifier.Fault	ImportS7Device	Drives	7170	6.027516003986019e-06	0.9981635512194817
372	ImportS7Device.Drives.Hoist_Status.FaultNumber	Drives.Hoist_Status.FaultNumber	ImportS7Device	Drives	7170	6.027516003986019e-06	0.9981695787354857
373	ImportS7Device.Limits.HoistABSReleaseBrakes	Limits.HoistABSReleaseBrakes	ImportS7Device	Limits	7170	6.027516003986019e-06	0.9981756062514897
374	ImportS7Device.Drives.SlewB_Status.TorqueLimReached	Drives.SlewB_Status.TorqueLimReached	ImportS7Device	Drives	7169	6.026675346244878e-06	0.998181632926836
375	ImportS7Device.Drives.Boom_Status.FaultNumber	Drives.Boom_Status.FaultNumber	ImportS7Device	Drives	7168	6.025834688503736e-06	0.9981876587615245
376	ImportS7Device.Drives.EmergRectifier.Fault	Drives.EmergRectifier.Fault	ImportS7Device	Drives	7168	6.025834688503736e-06	0.998193684596213
377	ImportS7Device.Drives.Boom_Status.FaultPresent	Drives.Boom_Status.FaultPresent	ImportS7Device	Drives	7168	6.025834688503736e-06	0.9981997104309015
378	ImportS7Device.Drives.EmergRectifier.Inhibit	Drives.EmergRectifier.Inhibit	ImportS7Device	Drives	7168	6.025834688503736e-06	0.9982057362655901
379	ImportS7Device.General.CT_Activated	General.CT_Activated	ImportS7Device	General	7168	6.025834688503736e-06	0.9982117621002785
380	ImportS7Device.Limits.HoistLowerLimit	Limits.HoistLowerLimit	ImportS7Device	Limits	7168	6.025834688503736e-06	0.9982177879349671
381	ImportS7Device.Drives.Hoist_Status.TorqueLimReached	Drives.Hoist_Status.TorqueLimReached	ImportS7Device	Drives	7168	6.025834688503736e-06	0.9982238137696555
382	ImportS7Device.Drives.EmergRectifier.FaultNumber	Drives.EmergRectifier.FaultNumber	ImportS7Device	Drives	7168	6.025834688503736e-06	0.9982298396043441
383	ImportS7Device.Interlocks.Slew.ForceBrakesOn	Interlocks.Slew.ForceBrakesOn	ImportS7Device	Interlocks	7168	6.025834688503736e-06	0.9982358654390325
384	ImportS7Device.Interlocks.Hoist.LimitWinchMomentUp	Interlocks.Hoist.LimitWinchMomentUp	ImportS7Device	Interlocks	7167	6.0249940307625936e-06	0.9982418904330633
385	ImportS7Device.SafetySystems.RiggingDetectionDetectedFall	SafetySystems.RiggingDetectionDetectedFall	ImportS7Device	SafetySystems	7167	6.0249940307625936e-06	0.998247915427094
386	ImportS7Device.Drives.SlewA_Status.InhibitActive	Drives.SlewA_Status.InhibitActive	ImportS7Device	Drives	7166	6.024153373021452e-06	0.998253939580467
387	ImportS7Device.Drives.SlewA_Status.FaultPresent	Drives.SlewA_Status.FaultPresent	ImportS7Device	Drives	7166	6.024153373021452e-06	0.9982599637338401
388	ImportS7Device.Drives.SlewA_Status.FaultNumber	Drives.SlewA_Status.FaultNumber	ImportS7Device	Drives	7166	6.024153373021452e-06	0.9982659878872131
389	ImportS7Device.Drives.ACFan_Control.DriveReset	Drives.ACFan_Control.DriveReset	ImportS7Device	Drives	7164	6.022472057539169e-06	0.9982720103592707
390	ImportS7Device.Drives.ResistorFan_Control.DriveReset	Drives.ResistorFan_Control.DriveReset	ImportS7Device	Drives	7164	6.022472057539169e-06	0.9982780328313282
391	ImportS7Device.Drives.ChillerFan_Control.DriveReset	Drives.ChillerFan_Control.DriveReset	ImportS7Device	Drives	7164	6.022472057539169e-06	0.9982840553033857
392	ImportS7Device.SafetySystems.MMS_DeactivatedTemp	SafetySystems.MMS_DeactivatedTemp	ImportS7Device	SafetySystems	7163	6.021631399798027e-06	0.9982900769347856
393	ImportS7Device.FleetReport.BreakerMonitoringOK	FleetReport.BreakerMonitoringOK	ImportS7Device	FleetReport	7162	6.0207907420568856e-06	0.9982960977255276
394	ImportS7Device.Drives.Boom_Status.TorqueLimReached	Drives.Boom_Status.TorqueLimReached	ImportS7Device	Drives	7159	6.01826876883346e-06	0.9983021159942964
395	ImportS7Device.Drives.Boom_Status.SpeedDeviation	Drives.Boom_Status.SpeedDeviation	ImportS7Device	Drives	7157	6.016587453351177e-06	0.9983081325817498
396	ImportS7Device.SafetySystems.EL_Activated	SafetySystems.EL_Activated	ImportS7Device	SafetySystems	7156	6.015746795610035e-06	0.9983141483285454
397	ImportS7Device.SafetySystems.EL_Contactor	SafetySystems.EL_Contactor	ImportS7Device	SafetySystems	7156	6.015746795610035e-06	0.998320164075341
398	ImportS7Device.Interlocks.Hoist.RampBypassValue	Interlocks.Hoist.RampBypassValue	ImportS7Device	Interlocks	7151	6.011543506904326e-06	0.998326175618848
399	ImportS7Device.Drives.Hoist_Control.AssignmentHoistBoom	Drives.Hoist_Control.AssignmentHoistBoom	ImportS7Device	Drives	7151	6.011543506904326e-06	0.9983321871623548
400	ImportS7Device.Drives.Assignment	Drives.Assignment	ImportS7Device	Drives	7151	6.011543506904326e-06	0.9983381987058617
401	ImportS7Device.Drives.Boom_Control.AssignmentHoistBoom	Drives.Boom_Control.AssignmentHoistBoom	ImportS7Device	Drives	7151	6.011543506904326e-06	0.9983442102493686
402	ImportS7Device.Limits.HoistUpperLimit ABS	Limits.HoistUpperLimit ABS	ImportS7Device	Limits	7150	6.010702849163185e-06	0.9983502209522178
403	ImportS7Device.Drives.Hoist_Status.SpeedDeviation	Drives.Hoist_Status.SpeedDeviation	ImportS7Device	Drives	7150	6.010702849163185e-06	0.9983562316550669
404	ImportS7Device.PowerSupply.UPSPower_StatusOK	PowerSupply.UPSPower_StatusOK	ImportS7Device	PowerSupply	7150	6.010702849163185e-06	0.9983622423579162
405	ImportS7Device.FleetReport.IO_ModulesOK	FleetReport.IO_ModulesOK	ImportS7Device	FleetReport	7148	6.0090215336809015e-06	0.9983682513794497
406	ImportS7Device.SafetySystems.MMS_BoomDelta	SafetySystems.MMS_BoomDelta	ImportS7Device	SafetySystems	7148	6.0090215336809015e-06	0.9983742604009834
407	ImportS7Device.Drives.SlewB_Status.ComOk	Drives.SlewB_Status.ComOk	ImportS7Device	Drives	7147	6.00818087593976e-06	0.9983802685818595
408	ImportS7Device.Interlocks.Hoist.RampBypassEnable	Interlocks.Hoist.RampBypassEnable	ImportS7Device	Interlocks	7147	6.00818087593976e-06	0.9983862767627354
409	ImportS7Device.Drives.SlewA_Status.TorqueLimReached	Drives.SlewA_Status.TorqueLimReached	ImportS7Device	Drives	7147	6.00818087593976e-06	0.9983922849436113
410	ImportS7Device.Interlocks.Slew.SpeedRegulationFactor	Interlocks.Slew.SpeedRegulationFactor	ImportS7Device	Interlocks	7145	6.006499560457477e-06	0.9983982914431717
411	ImportS7Device.Drives.Hoist_Status.ControlRequested	Drives.Hoist_Status.ControlRequested	ImportS7Device	Drives	7145	6.006499560457477e-06	0.9984042979427322
412	ImportS7Device.Drives.SlewA_Status.SpeedDeviation	Drives.SlewA_Status.SpeedDeviation	ImportS7Device	Drives	7145	6.006499560457477e-06	0.9984103044422926
413	ImportS7Device.Interlocks.Boom.LimitWinchMomentUp	Interlocks.Boom.LimitWinchMomentUp	ImportS7Device	Interlocks	7145	6.006499560457477e-06	0.9984163109418531
414	ImportS7Device.Drives.Boom_Control.ResetFault	Drives.Boom_Control.ResetFault	ImportS7Device	Drives	7145	6.006499560457477e-06	0.9984223174414136
415	ImportS7Device.Drives.SlewB_Status.ControlRequested	Drives.SlewB_Status.ControlRequested	ImportS7Device	Drives	7145	6.006499560457477e-06	0.998428323940974
416	ImportS7Device.Drives.SlewA_Status.ComOk	Drives.SlewA_Status.ComOk	ImportS7Device	Drives	7145	6.006499560457477e-06	0.9984343304405345
417	ImportS7Device.Drives.SlewB_Status.SpeedDeviation	Drives.SlewB_Status.SpeedDeviation	ImportS7Device	Drives	7145	6.006499560457477e-06	0.9984403369400949
418	ImportS7Device.Interlocks.Boom.TorqueReference	Interlocks.Boom.TorqueReference	ImportS7Device	Interlocks	7145	6.006499560457477e-06	0.9984463434396554
419	ImportS7Device.Drives.MainRectifier.ComOk	Drives.MainRectifier.ComOk	ImportS7Device	Drives	7145	6.006499560457477e-06	0.9984523499392158
420	ImportS7Device.Drives.Boom_Status.ComOk	Drives.Boom_Status.ComOk	ImportS7Device	Drives	7145	6.006499560457477e-06	0.9984583564387763
421	ImportS7Device.Drives.SlewA_Status.ControlRequested	Drives.SlewA_Status.ControlRequested	ImportS7Device	Drives	7145	6.006499560457477e-06	0.9984643629383367
422	ImportS7Device.Interlocks.Hoist.TorqueReference	Interlocks.Hoist.TorqueReference	ImportS7Device	Interlocks	7145	6.006499560457477e-06	0.9984703694378972
423	ImportS7Device.Interlocks.Hoist.LimitWinchMomentDown	Interlocks.Hoist.LimitWinchMomentDown	ImportS7Device	Interlocks	7145	6.006499560457477e-06	0.9984763759374576
424	ImportS7Device.Interlocks.Boom.SpeedRegulationFactor	Interlocks.Boom.SpeedRegulationFactor	ImportS7Device	Interlocks	7145	6.006499560457477e-06	0.9984823824370181
425	ImportS7Device.Drives.SlewB_Control.ResetFault	Drives.SlewB_Control.ResetFault	ImportS7Device	Drives	7145	6.006499560457477e-06	0.9984883889365787
426	ImportS7Device.Drives.SlewB_Status.AlarmNumber	Drives.SlewB_Status.AlarmNumber	ImportS7Device	Drives	7145	6.006499560457477e-06	0.998494395436139
427	ImportS7Device.Drives.SlewA_Control.ResetFault	Drives.SlewA_Control.ResetFault	ImportS7Device	Drives	7145	6.006499560457477e-06	0.9985004019356996
428	ImportS7Device.Drives.EmergRectifier.ComOk	Drives.EmergRectifier.ComOk	ImportS7Device	Drives	7145	6.006499560457477e-06	0.99850640843526
429	ImportS7Device.Drives.Boom_Status.ControlRequested	Drives.Boom_Status.ControlRequested	ImportS7Device	Drives	7145	6.006499560457477e-06	0.9985124149348205
430	ImportS7Device.Drives.Hoist_Status.ComOk	Drives.Hoist_Status.ComOk	ImportS7Device	Drives	7145	6.006499560457477e-06	0.9985184214343809
431	ImportS7Device.Drives.Hoist_Control.ResetFault	Drives.Hoist_Control.ResetFault	ImportS7Device	Drives	7145	6.006499560457477e-06	0.9985244279339414
432	ImportS7Device.Interlocks.Boom.LimitWinchMomentDown	Interlocks.Boom.LimitWinchMomentDown	ImportS7Device	Interlocks	7145	6.006499560457477e-06	0.9985304344335018
433	ImportS7Device.BCMS.HoistSecondary_StatusOK	BCMS.HoistSecondary_StatusOK	ImportS7Device	BCMS	7144	6.005658902716335e-06	0.9985364400924045
434	ImportS7Device.Energy.PACA.MaxTHD-R_currentL3	Energy.PACA.MaxTHD-R_currentL3	ImportS7Device	Energy	7144	6.005658902716335e-06	0.9985424457513072
435	ImportS7Device.SafetySystems.AC_Crane2_Distance	SafetySystems.AC_Crane2_Distance	ImportS7Device	SafetySystems	7144	6.005658902716335e-06	0.99854845141021
436	ImportS7Device.Encoders.BoomB_StatusOK	Encoders.BoomB_StatusOK	ImportS7Device	Encoders	7144	6.005658902716335e-06	0.9985544570691127
437	ImportS7Device.LoadCells.BoomLC_Discrepancy	LoadCells.BoomLC_Discrepancy	ImportS7Device	LoadCells	7144	6.005658902716335e-06	0.9985604627280154
438	ImportS7Device.BrakeTest.MainSecondaryPassed	BrakeTest.MainSecondaryPassed	ImportS7Device	BrakeTest	7144	6.005658902716335e-06	0.9985664683869181
439	ImportS7Device.Energy.PACB.MaxTHD-R_currentL2	Energy.PACB.MaxTHD-R_currentL2	ImportS7Device	Energy	7144	6.005658902716335e-06	0.9985724740458208
440	ImportS7Device.BrakeTest.SlewPassedA	BrakeTest.SlewPassedA	ImportS7Device	BrakeTest	7144	6.005658902716335e-06	0.9985784797047236
441	ImportS7Device.Drives.ResistorFan_Status.ComOk	Drives.ResistorFan_Status.ComOk	ImportS7Device	Drives	7144	6.005658902716335e-06	0.9985844853636262
442	ImportS7Device.Encoders.BoomAngle_StatusOK	Encoders.BoomAngle_StatusOK	ImportS7Device	Encoders	7144	6.005658902716335e-06	0.998590491022529
443	ImportS7Device.FleetReport.InstrumentationOK	FleetReport.InstrumentationOK	ImportS7Device	FleetReport	7144	6.005658902716335e-06	0.9985964966814317
444	ImportS7Device.Energy.PACA.MaxTHD-R_voltageL1	Energy.PACA.MaxTHD-R_voltageL1	ImportS7Device	Energy	7144	6.005658902716335e-06	0.9986025023403344
445	ImportS7Device.Encoders.WhipA_StatusOK	Encoders.WhipA_StatusOK	ImportS7Device	Encoders	7144	6.005658902716335e-06	0.9986085079992372
446	ImportS7Device.SafetySystems.EL_SystemOK	SafetySystems.EL_SystemOK	ImportS7Device	SafetySystems	7144	6.005658902716335e-06	0.9986145136581398
447	ImportS7Device.BCMS.BoomPrimary_StatusOK	BCMS.BoomPrimary_StatusOK	ImportS7Device	BCMS	7144	6.005658902716335e-06	0.9986205193170425
448	ImportS7Device.Energy.PACB.MaxTHD-R_currentL1	Energy.PACB.MaxTHD-R_currentL1	ImportS7Device	Energy	7144	6.005658902716335e-06	0.9986265249759453
449	ImportS7Device.LoadCells.BoomLC_StatusOK	LoadCells.BoomLC_StatusOK	ImportS7Device	LoadCells	7144	6.005658902716335e-06	0.998632530634848
450	ImportS7Device.Encoders.MainA_StatusOK	Encoders.MainA_StatusOK	ImportS7Device	Encoders	7144	6.005658902716335e-06	0.9986385362937507
451	ImportS7Device.BrakeTest.Result_SlewBResult	BrakeTest.Result_SlewBResult	ImportS7Device	BrakeTest	7144	6.005658902716335e-06	0.9986445419526534
452	ImportS7Device.BCMS.BoomSecondary_StatusOk	BCMS.BoomSecondary_StatusOk	ImportS7Device	BCMS	7144	6.005658902716335e-06	0.9986505476115561
453	ImportS7Device.Energy.PACB.MaxTHD-R_voltageL1	Energy.PACB.MaxTHD-R_voltageL1	ImportS7Device	Energy	7144	6.005658902716335e-06	0.9986565532704589
454	ImportS7Device.BrakeTest.BoomPrimaryPassed	BrakeTest.BoomPrimaryPassed	ImportS7Device	BrakeTest	7144	6.005658902716335e-06	0.9986625589293616
455	ImportS7Device.Drives.ACFan_Status.ComOk	Drives.ACFan_Status.ComOk	ImportS7Device	Drives	7144	6.005658902716335e-06	0.9986685645882643
456	ImportS7Device.BrakeTest.MainPrimaryPassed	BrakeTest.MainPrimaryPassed	ImportS7Device	BrakeTest	7144	6.005658902716335e-06	0.998674570247167
457	ImportS7Device.Encoders.BoomA_StatusOK	Encoders.BoomA_StatusOK	ImportS7Device	Encoders	7144	6.005658902716335e-06	0.9986805759060697
458	ImportS7Device.General.HoistDrumMoment	General.HoistDrumMoment	ImportS7Device	General	7144	6.005658902716335e-06	0.9986865815649725
459	ImportS7Device.Drives.ChillerFan_Status.ComOk	Drives.ChillerFan_Status.ComOk	ImportS7Device	Drives	7144	6.005658902716335e-06	0.9986925872238751
460	ImportS7Device.Energy.PACA.MaxTHD-R_currentL2	Energy.PACA.MaxTHD-R_currentL2	ImportS7Device	Energy	7144	6.005658902716335e-06	0.9986985928827778
461	ImportS7Device.Drives.ACFan_Control.Intervine	Drives.ACFan_Control.Intervine	ImportS7Device	Drives	7144	6.005658902716335e-06	0.9987045985416806
462	ImportS7Device.Encoders.Slew_Discrepancy	Encoders.Slew_Discrepancy	ImportS7Device	Encoders	7144	6.005658902716335e-06	0.9987106042005833
463	ImportS7Device.Energy.PACB.MaxTHD-R_voltageL2	Energy.PACB.MaxTHD-R_voltageL2	ImportS7Device	Energy	7144	6.005658902716335e-06	0.9987166098594861
464	ImportS7Device.SafetySystems.AC_OwnDataValid	SafetySystems.AC_OwnDataValid	ImportS7Device	SafetySystems	7144	6.005658902716335e-06	0.9987226155183887
465	ImportS7Device.BCMS.SlewBrakeB_StatusOk	BCMS.SlewBrakeB_StatusOk	ImportS7Device	BCMS	7144	6.005658902716335e-06	0.9987286211772914
466	ImportS7Device.HVAC.MotorCoolant.ACUnit_StatusOK	HVAC.MotorCoolant.ACUnit_StatusOK	ImportS7Device	HVAC	7144	6.005658902716335e-06	0.9987346268361942
467	ImportS7Device.SafetySystems.ESTOP_Activated	SafetySystems.ESTOP_Activated	ImportS7Device	SafetySystems	7144	6.005658902716335e-06	0.9987406324950969
468	ImportS7Device.CM.Counts_AccuDrainBrake	CM.Counts_AccuDrainBrake	ImportS7Device	CM	7144	6.005658902716335e-06	0.9987466381539996
469	ImportS7Device.SafetySystems.MOPS_SystemOK	SafetySystems.MOPS_SystemOK	ImportS7Device	SafetySystems	7144	6.005658902716335e-06	0.9987526438129023
470	ImportS7Device.Energy.PACA.MaxTHD-R_voltageL2	Energy.PACA.MaxTHD-R_voltageL2	ImportS7Device	Energy	7144	6.005658902716335e-06	0.998758649471805
471	ImportS7Device.BCMS.SlewBrakeA_StatusOk	BCMS.SlewBrakeA_StatusOk	ImportS7Device	BCMS	7144	6.005658902716335e-06	0.9987646551307078
472	ImportS7Device.BrakeTest.BoomSecondaryPassed	BrakeTest.BoomSecondaryPassed	ImportS7Device	BrakeTest	7144	6.005658902716335e-06	0.9987706607896104
473	ImportS7Device.Joysticks.BoomSlew_StatusOK	Joysticks.BoomSlew_StatusOK	ImportS7Device	Joysticks	7144	6.005658902716335e-06	0.9987766664485132
474	ImportS7Device.Encoders.MainB_StatusOK	Encoders.MainB_StatusOK	ImportS7Device	Encoders	7144	6.005658902716335e-06	0.9987826721074159
475	ImportS7Device.Energy.PACA.MaxTHD-R_voltageL3	Energy.PACA.MaxTHD-R_voltageL3	ImportS7Device	Energy	7144	6.005658902716335e-06	0.9987886777663186
476	ImportS7Device.OutsideTemp.CraneFrameSensor	OutsideTemp.CraneFrameSensor	ImportS7Device	OutsideTemp	7144	6.005658902716335e-06	0.9987946834252214
477	ImportS7Device.Drives.ChillerFan_Control.Intervine	Drives.ChillerFan_Control.Intervine	ImportS7Device	Drives	7144	6.005658902716335e-06	0.998800689084124
478	ImportS7Device.Encoders.Slew_StatusOK	Encoders.Slew_StatusOK	ImportS7Device	Encoders	7144	6.005658902716335e-06	0.9988066947430267
479	ImportS7Device.LoadCells.WhipLC_LoopB_Raw	LoadCells.WhipLC_LoopB_Raw	ImportS7Device	LoadCells	7144	6.005658902716335e-06	0.9988127004019295
480	ImportS7Device.CM.Counts_AccuDrainKick	CM.Counts_AccuDrainKick	ImportS7Device	CM	7144	6.005658902716335e-06	0.9988187060608322
481	ImportS7Device.LoadCells.WhipLC_Discrepancy	LoadCells.WhipLC_Discrepancy	ImportS7Device	LoadCells	7144	6.005658902716335e-06	0.9988247117197349
482	ImportS7Device.BrakeTest.SlewPassedB	BrakeTest.SlewPassedB	ImportS7Device	BrakeTest	7144	6.005658902716335e-06	0.9988307173786376
483	ImportS7Device.Energy.PACB.MaxTHD-R_currentL3	Energy.PACB.MaxTHD-R_currentL3	ImportS7Device	Energy	7144	6.005658902716335e-06	0.9988367230375403
484	ImportS7Device.Energy.PACB.MaxTHD-R_voltageL3	Energy.PACB.MaxTHD-R_voltageL3	ImportS7Device	Energy	7144	6.005658902716335e-06	0.9988427286964431
485	ImportS7Device.BCMS.HoistPrimary_StatusOK	BCMS.HoistPrimary_StatusOK	ImportS7Device	BCMS	7144	6.005658902716335e-06	0.9988487343553458
486	ImportS7Device.Encoders.WhipB_StatusOK	Encoders.WhipB_StatusOK	ImportS7Device	Encoders	7144	6.005658902716335e-06	0.9988547400142485
487	ImportS7Device.Encoders.Main_Discrepancy	Encoders.Main_Discrepancy	ImportS7Device	Encoders	7144	6.005658902716335e-06	0.9988607456731512
488	ImportS7Device.Drives.ResistorFan_Control.Intervine	Drives.ResistorFan_Control.Intervine	ImportS7Device	Drives	7144	6.005658902716335e-06	0.9988667513320539
489	ImportS7Device.Encoders.BoomAngle_Discrepancy	Encoders.BoomAngle_Discrepancy	ImportS7Device	Encoders	7144	6.005658902716335e-06	0.9988727569909567
490	ImportS7Device.Joysticks.Hoist_StatusOK	Joysticks.Hoist_StatusOK	ImportS7Device	Joysticks	7144	6.005658902716335e-06	0.9988787626498593
491	ImportS7Device.Energy.PACA.MaxTHD-R_currentL1	Energy.PACA.MaxTHD-R_currentL1	ImportS7Device	Energy	7144	6.005658902716335e-06	0.998884768308762
492	ImportS7Device.SafetySystems.ESTOP_SystemOK	SafetySystems.ESTOP_SystemOK	ImportS7Device	SafetySystems	7144	6.005658902716335e-06	0.9988907739676648
493	ImportS7Device.BrakeTest.Result_BoomPrimary	BrakeTest.Result_BoomPrimary	ImportS7Device	BrakeTest	7144	6.005658902716335e-06	0.9988967796265675
494	ImportS7Device.Encoders.Whip_Discrepancy	Encoders.Whip_Discrepancy	ImportS7Device	Encoders	7144	6.005658902716335e-06	0.9989027852854703
495	ImportS7Device.BrakeTest.Result_BoomSecondary	BrakeTest.Result_BoomSecondary	ImportS7Device	BrakeTest	7144	6.005658902716335e-06	0.9989087909443729
496	ImportS7Device.LoadCells.WhipLC_LoopA_Raw	LoadCells.WhipLC_LoopA_Raw	ImportS7Device	LoadCells	7144	6.005658902716335e-06	0.9989147966032756
497	ImportS7Device.OutsideTemp.A-FrameSensor	OutsideTemp.A-FrameSensor	ImportS7Device	OutsideTemp	7144	6.005658902716335e-06	0.9989208022621784
498	ImportS7Device.SafetySystems.MOPS_Contactor	SafetySystems.MOPS_Contactor	ImportS7Device	SafetySystems	7144	6.005658902716335e-06	0.9989268079210811
499	ImportS7Device.BrakeTest.Result_MainSecondary	BrakeTest.Result_MainSecondary	ImportS7Device	BrakeTest	7144	6.005658902716335e-06	0.9989328135799838
500	ImportS7Device.BrakeTest.Result_MainPrimary	BrakeTest.Result_MainPrimary	ImportS7Device	BrakeTest	7144	6.005658902716335e-06	0.9989388192388865
501	ImportS7Device.BrakeTest.Result_SlewAResult	BrakeTest.Result_SlewAResult	ImportS7Device	BrakeTest	7144	6.005658902716335e-06	0.9989448248977892
502	ImportS7Device.Drives.SlewB_Status.WarningPresent	Drives.SlewB_Status.WarningPresent	ImportS7Device	Drives	7143	6.004818244975193e-06	0.9989508297160342
503	ImportS7Device.Drives.FaultResetDrives	Drives.FaultResetDrives	ImportS7Device	Drives	7143	6.004818244975193e-06	0.9989568345342792
504	ImportS7Device.Drives.BrakeChopper1Fault	Drives.BrakeChopper1Fault	ImportS7Device	Drives	7143	6.004818244975193e-06	0.9989628393525242
505	ImportS7Device.Interlocks.Hoist.ForceBrakesOff	Interlocks.Hoist.ForceBrakesOff	ImportS7Device	Interlocks	7141	6.003136929492909e-06	0.9989688424894536
506	ImportS7Device.Drives.SlewB_Control.EnableTorqueMode	Drives.SlewB_Control.EnableTorqueMode	ImportS7Device	Drives	7141	6.003136929492909e-06	0.9989748456263832
507	ImportS7Device.Drives.SlewB_Control.BrakeReleased	Drives.SlewB_Control.BrakeReleased	ImportS7Device	Drives	7141	6.003136929492909e-06	0.9989808487633126
508	ImportS7Device.Drives.Boom_Status.DroopFeedbackSpeedReduction	Drives.Boom_Status.DroopFeedbackSpeedReduction	ImportS7Device	Drives	7141	6.003136929492909e-06	0.9989868519002422
509	ImportS7Device.Interlocks.Boom.InhibitBrakesOn	Interlocks.Boom.InhibitBrakesOn	ImportS7Device	Interlocks	7141	6.003136929492909e-06	0.9989928550371716
510	ImportS7Device.Drives.Boom_Status.AlarmNumber	Drives.Boom_Status.AlarmNumber	ImportS7Device	Drives	7141	6.003136929492909e-06	0.9989988581741012
511	ImportS7Device.Drives.SlewA_Control.EnableTorqueMode	Drives.SlewA_Control.EnableTorqueMode	ImportS7Device	Drives	7141	6.003136929492909e-06	0.9990048613110306
512	ImportS7Device.Drives.Boom_Control.SpeedControlerGainFactor	Drives.Boom_Control.SpeedControlerGainFactor	ImportS7Device	Drives	7141	6.003136929492909e-06	0.9990108644479601
513	ImportS7Device.Drives.SlewA_Control.LoadTransferActive	Drives.SlewA_Control.LoadTransferActive	ImportS7Device	Drives	7141	6.003136929492909e-06	0.9990168675848896
514	ImportS7Device.Drives.SlewB_Control.LoadTransferTorque	Drives.SlewB_Control.LoadTransferTorque	ImportS7Device	Drives	7141	6.003136929492909e-06	0.9990228707218191
515	ImportS7Device.Drives.SlewA_Control.PowerLimit	Drives.SlewA_Control.PowerLimit	ImportS7Device	Drives	7141	6.003136929492909e-06	0.9990288738587486
516	ImportS7Device.Drives.Boom_Control.TorqueReference	Drives.Boom_Control.TorqueReference	ImportS7Device	Drives	7141	6.003136929492909e-06	0.9990348769956781
517	ImportS7Device.Drives.MainRectifier.RunningAsSlave	Drives.MainRectifier.RunningAsSlave	ImportS7Device	Drives	7141	6.003136929492909e-06	0.9990408801326076
518	ImportS7Device.Drives.Hoist_Control.DCC_ChartInitialize	Drives.Hoist_Control.DCC_ChartInitialize	ImportS7Device	Drives	7141	6.003136929492909e-06	0.9990468832695371
519	ImportS7Device.Drives.Boom_Control.PowerLimit	Drives.Boom_Control.PowerLimit	ImportS7Device	Drives	7141	6.003136929492909e-06	0.9990528864064666
520	ImportS7Device.Drives.Hoist_Control.PowerLimit	Drives.Hoist_Control.PowerLimit	ImportS7Device	Drives	7141	6.003136929492909e-06	0.9990588895433961
521	ImportS7Device.Drives.EmergRectifier.RunningAsSlave	Drives.EmergRectifier.RunningAsSlave	ImportS7Device	Drives	7141	6.003136929492909e-06	0.9990648926803255
522	ImportS7Device.Drives.Hoist_Control.TorqueReference	Drives.Hoist_Control.TorqueReference	ImportS7Device	Drives	7141	6.003136929492909e-06	0.9990708958172551
523	ImportS7Device.Drives.SlewA_Control.LoadTransferTorque	Drives.SlewA_Control.LoadTransferTorque	ImportS7Device	Drives	7141	6.003136929492909e-06	0.9990768989541845
524	ImportS7Device.Interlocks.Slew.TorqueModeOn	Interlocks.Slew.TorqueModeOn	ImportS7Device	Interlocks	7141	6.003136929492909e-06	0.9990829020911141
525	ImportS7Device.Drives.MainRectifier.ComErr	Drives.MainRectifier.ComErr	ImportS7Device	Drives	7141	6.003136929492909e-06	0.9990889052280435
526	ImportS7Device.Drives.SlewB_Control.AssignmentHoistBoom	Drives.SlewB_Control.AssignmentHoistBoom	ImportS7Device	Drives	7141	6.003136929492909e-06	0.9990949083649731
527	ImportS7Device.Drives.Boom_Status.WarningPresent	Drives.Boom_Status.WarningPresent	ImportS7Device	Drives	7141	6.003136929492909e-06	0.9991009115019025
528	ImportS7Device.Drives.Hoist_Control.AssignmentMainWhip	Drives.Hoist_Control.AssignmentMainWhip	ImportS7Device	Drives	7141	6.003136929492909e-06	0.9991069146388319
529	ImportS7Device.Drives.BrakeChopper2Fault	Drives.BrakeChopper2Fault	ImportS7Device	Drives	7141	6.003136929492909e-06	0.9991129177757615
530	ImportS7Device.Drives.SlewB_Control.LoadTransferActive	Drives.SlewB_Control.LoadTransferActive	ImportS7Device	Drives	7141	6.003136929492909e-06	0.9991189209126909
531	ImportS7Device.Drives.Hoist_Status.DroopFeedbackSpeedReduction	Drives.Hoist_Status.DroopFeedbackSpeedReduction	ImportS7Device	Drives	7141	6.003136929492909e-06	0.9991249240496205
532	ImportS7Device.Drives.SlewA_Control.AssignmentHoistBoom	Drives.SlewA_Control.AssignmentHoistBoom	ImportS7Device	Drives	7141	6.003136929492909e-06	0.9991309271865499
533	ImportS7Device.Drives.SlewB_Control.PowerLimit	Drives.SlewB_Control.PowerLimit	ImportS7Device	Drives	7141	6.003136929492909e-06	0.9991369303234795
534	ImportS7Device.Drives.Hoist_Control.EnableTorqueMode	Drives.Hoist_Control.EnableTorqueMode	ImportS7Device	Drives	7141	6.003136929492909e-06	0.9991429334604089
535	ImportS7Device.Drives.Boom_Control.EnableDrooping	Drives.Boom_Control.EnableDrooping	ImportS7Device	Drives	7141	6.003136929492909e-06	0.9991489365973384
536	ImportS7Device.Drives.SlewA_Control.TorqueReference	Drives.SlewA_Control.TorqueReference	ImportS7Device	Drives	7141	6.003136929492909e-06	0.9991549397342679
537	ImportS7Device.Interlocks.Boom.TorqueModeOn	Interlocks.Boom.TorqueModeOn	ImportS7Device	Interlocks	7141	6.003136929492909e-06	0.9991609428711974
538	ImportS7Device.Interlocks.Hoist.OverrideMomentLimits	Interlocks.Hoist.OverrideMomentLimits	ImportS7Device	Interlocks	7141	6.003136929492909e-06	0.9991669460081269
539	ImportS7Device.Drives.Hoist_Status.WarningPresent	Drives.Hoist_Status.WarningPresent	ImportS7Device	Drives	7141	6.003136929492909e-06	0.9991729491450564
540	ImportS7Device.Drives.Hoist_Control.EnableDrooping	Drives.Hoist_Control.EnableDrooping	ImportS7Device	Drives	7141	6.003136929492909e-06	0.9991789522819859
541	ImportS7Device.Drives.Boom_Control.EnableTorqueMode	Drives.Boom_Control.EnableTorqueMode	ImportS7Device	Drives	7141	6.003136929492909e-06	0.9991849554189154
542	ImportS7Device.Drives.SlewB_Control.DCC_ChartInitialize	Drives.SlewB_Control.DCC_ChartInitialize	ImportS7Device	Drives	7141	6.003136929492909e-06	0.9991909585558449
543	ImportS7Device.Interlocks.Boom.ForceBrakesOff	Interlocks.Boom.ForceBrakesOff	ImportS7Device	Interlocks	7141	6.003136929492909e-06	0.9991969616927744
544	ImportS7Device.Drives.Boom_Control.AssignmentMainWhip	Drives.Boom_Control.AssignmentMainWhip	ImportS7Device	Drives	7141	6.003136929492909e-06	0.9992029648297038
545	ImportS7Device.Drives.SlewA_Status.WarningPresent	Drives.SlewA_Status.WarningPresent	ImportS7Device	Drives	7141	6.003136929492909e-06	0.9992089679666334
546	ImportS7Device.Drives.SlewB_Control.TorqueReference	Drives.SlewB_Control.TorqueReference	ImportS7Device	Drives	7141	6.003136929492909e-06	0.9992149711035628
547	ImportS7Device.Interlocks.Slew.ForceBrakesOff	Interlocks.Slew.ForceBrakesOff	ImportS7Device	Interlocks	7141	6.003136929492909e-06	0.9992209742404924
548	ImportS7Device.Drives.Boom_Control.DCC_ChartInitialize	Drives.Boom_Control.DCC_ChartInitialize	ImportS7Device	Drives	7141	6.003136929492909e-06	0.9992269773774218
549	ImportS7Device.Drives.SlewA_Control.AssignmentMainWhip	Drives.SlewA_Control.AssignmentMainWhip	ImportS7Device	Drives	7141	6.003136929492909e-06	0.9992329805143514
550	ImportS7Device.Drives.EmergRectifier.ComErr	Drives.EmergRectifier.ComErr	ImportS7Device	Drives	7141	6.003136929492909e-06	0.9992389836512808
551	ImportS7Device.Drives.SlewA_Control.BrakeReleased	Drives.SlewA_Control.BrakeReleased	ImportS7Device	Drives	7141	6.003136929492909e-06	0.9992449867882103
552	ImportS7Device.Interlocks.Hoist.ForceDrivesOff	Interlocks.Hoist.ForceDrivesOff	ImportS7Device	Interlocks	7141	6.003136929492909e-06	0.9992509899251398
553	ImportS7Device.Drives.Hoist_Status.AlarmNumber	Drives.Hoist_Status.AlarmNumber	ImportS7Device	Drives	7141	6.003136929492909e-06	0.9992569930620693
554	ImportS7Device.Interlocks.Hoist.TorqueModeOn	Interlocks.Hoist.TorqueModeOn	ImportS7Device	Interlocks	7141	6.003136929492909e-06	0.9992629961989988
555	ImportS7Device.Interlocks.Slew.TorqueReference	Interlocks.Slew.TorqueReference	ImportS7Device	Interlocks	7141	6.003136929492909e-06	0.9992689993359283
556	ImportS7Device.Drives.SlewA_Status.AlarmNumber	Drives.SlewA_Status.AlarmNumber	ImportS7Device	Drives	7141	6.003136929492909e-06	0.9992750024728578
557	ImportS7Device.Drives.SlewB_Control.AssignmentMainWhip	Drives.SlewB_Control.AssignmentMainWhip	ImportS7Device	Drives	7141	6.003136929492909e-06	0.9992810056097873
558	ImportS7Device.Drives.SlewA_Control.DCC_ChartInitialize	Drives.SlewA_Control.DCC_ChartInitialize	ImportS7Device	Drives	7141	6.003136929492909e-06	0.9992870087467168
559	ImportS7Device.Drives.Hoist_Control.SpeedControlerGainFactor	Drives.Hoist_Control.SpeedControlerGainFactor	ImportS7Device	Drives	7141	6.003136929492909e-06	0.9992930118836463
560	ImportS7Device.CM.Hours_WhipWinch	CM.Hours_WhipWinch	ImportS7Device	CM	7140	6.002296271751768e-06	0.9992990141799181
561	ImportS7Device.Energy.PACB.THD_voltageL1	Energy.PACB.THD_voltageL1	ImportS7Device	Energy	7140	6.002296271751768e-06	0.9993050164761897
562	ImportS7Device.General.BoomMomentHigh	General.BoomMomentHigh	ImportS7Device	General	7140	6.002296271751768e-06	0.9993110187724615
563	ImportS7Device.Energy.PACB.THD_voltageL3	Energy.PACB.THD_voltageL3	ImportS7Device	Energy	7140	6.002296271751768e-06	0.9993170210687333
564	ImportS7Device.Drives.ResistorFan_Status.ActualPower	Drives.ResistorFan_Status.ActualPower	ImportS7Device	Drives	7140	6.002296271751768e-06	0.999323023365005
565	ImportS7Device.Internal.AOPS_ResistorReadbackFaul	Internal.AOPS_ResistorReadbackFaul	ImportS7Device	Internal	7140	6.002296271751768e-06	0.9993290256612768
566	ImportS7Device.Drives.ChillerFan_Control.DriveEnable	Drives.ChillerFan_Control.DriveEnable	ImportS7Device	Drives	7140	6.002296271751768e-06	0.9993350279575486
567	ImportS7Device.CM.Counts_WhipPrimary	CM.Counts_WhipPrimary	ImportS7Device	CM	7140	6.002296271751768e-06	0.9993410302538203
568	ImportS7Device.BCMS.EmergEnableHoist_StatusOK	BCMS.EmergEnableHoist_StatusOK	ImportS7Device	BCMS	7140	6.002296271751768e-06	0.999347032550092
569	ImportS7Device.LoadCells.MainLC_LoopB_Fault	LoadCells.MainLC_LoopB_Fault	ImportS7Device	LoadCells	7140	6.002296271751768e-06	0.9993530348463638
570	ImportS7Device.HVAC.MotorCoolant.ChillerUnit_StatusOK	HVAC.MotorCoolant.ChillerUnit_StatusOK	ImportS7Device	HVAC	7140	6.002296271751768e-06	0.9993590371426355
571	ImportS7Device.CM.Hours_SlewC	CM.Hours_SlewC	ImportS7Device	CM	7140	6.002296271751768e-06	0.9993650394389073
572	ImportS7Device.SafetySystems.SectorLimitActive	SafetySystems.SectorLimitActive	ImportS7Device	SafetySystems	7140	6.002296271751768e-06	0.9993710417351791
573	ImportS7Device.LoadCells.BoomLC_LoopB_Fault	LoadCells.BoomLC_LoopB_Fault	ImportS7Device	LoadCells	7140	6.002296271751768e-06	0.9993770440314508
574	ImportS7Device.BrakeTest.SlewActive	BrakeTest.SlewActive	ImportS7Device	BrakeTest	7140	6.002296271751768e-06	0.9993830463277226
575	ImportS7Device.Drives.ResistorFan_Status.DriveOverTemp	Drives.ResistorFan_Status.DriveOverTemp	ImportS7Device	Drives	7140	6.002296271751768e-06	0.9993890486239942
576	ImportS7Device.Internal.AOPS_BypassValue	Internal.AOPS_BypassValue	ImportS7Device	Internal	7140	6.002296271751768e-06	0.999395050920266
577	ImportS7Device.Internal.AOPS_RestartDrives	Internal.AOPS_RestartDrives	ImportS7Device	Internal	7140	6.002296271751768e-06	0.9994010532165378
578	ImportS7Device.Energy.PACA.THD_voltageL2	Energy.PACA.THD_voltageL2	ImportS7Device	Energy	7140	6.002296271751768e-06	0.9994070555128095
579	ImportS7Device.Internal.AOPS_FaultResetDrives	Internal.AOPS_FaultResetDrives	ImportS7Device	Internal	7140	6.002296271751768e-06	0.9994130578090813
580	ImportS7Device.Drives.ChillerFan_Status.DriveOverTemp	Drives.ChillerFan_Status.DriveOverTemp	ImportS7Device	Drives	7140	6.002296271751768e-06	0.9994190601053531
581	ImportS7Device.LoadCells.MainLC_LoopA_Fault	LoadCells.MainLC_LoopA_Fault	ImportS7Device	LoadCells	7140	6.002296271751768e-06	0.9994250624016248
582	ImportS7Device.SafetySystems.OverloadTestMode	SafetySystems.OverloadTestMode	ImportS7Device	SafetySystems	7140	6.002296271751768e-06	0.9994310646978966
583	ImportS7Device.Internal.AOPS_KickCompleted	Internal.AOPS_KickCompleted	ImportS7Device	Internal	7140	6.002296271751768e-06	0.9994370669941683
584	ImportS7Device.CM.Counts_WhipSecondary	CM.Counts_WhipSecondary	ImportS7Device	CM	7140	6.002296271751768e-06	0.99944306929044
585	ImportS7Device.BCMS.MainEnableValve_ResponseOff	BCMS.MainEnableValve_ResponseOff	ImportS7Device	BCMS	7140	6.002296271751768e-06	0.9994490715867118
586	ImportS7Device.General.CraneOperator	General.CraneOperator	ImportS7Device	General	7140	6.002296271751768e-06	0.9994550738829836
587	ImportS7Device.CM.Pressure_BrakeAccu	CM.Pressure_BrakeAccu	ImportS7Device	CM	7140	6.002296271751768e-06	0.9994610761792553
588	ImportS7Device.Energy.HoistDrawn	Energy.HoistDrawn	ImportS7Device	Energy	7140	6.002296271751768e-06	0.9994670784755271
589	ImportS7Device.SafetySystems.MMS_SlewDelta	SafetySystems.MMS_SlewDelta	ImportS7Device	SafetySystems	7140	6.002296271751768e-06	0.9994730807717989
590	ImportS7Device.Energy.BoomFed	Energy.BoomFed	ImportS7Device	Energy	7140	6.002296271751768e-06	0.9994790830680705
591	ImportS7Device.Hyd.ShockAbsorberPressure	Hyd.ShockAbsorberPressure	ImportS7Device	Hyd	7140	6.002296271751768e-06	0.9994850853643423
592	ImportS7Device.SafetySystems.AOPS Activated	SafetySystems.AOPS Activated	ImportS7Device	SafetySystems	7140	6.002296271751768e-06	0.9994910876606141
593	ImportS7Device.General.ForbiddenZone	General.ForbiddenZone	ImportS7Device	General	7140	6.002296271751768e-06	0.9994970899568858
594	ImportS7Device.Internal.AOPS_SpeedLimitUp	Internal.AOPS_SpeedLimitUp	ImportS7Device	Internal	7140	6.002296271751768e-06	0.9995030922531576
595	ImportS7Device.CBM.WhipHoistWinch_Moment	CBM.WhipHoistWinch_Moment	ImportS7Device	CBM	7140	6.002296271751768e-06	0.9995090945494294
596	ImportS7Device.Drives.ChillerFan_Control.DriveStart	Drives.ChillerFan_Control.DriveStart	ImportS7Device	Drives	7140	6.002296271751768e-06	0.9995150968457011
597	ImportS7Device.Limits.BoomLowerLimitABSAngle	Limits.BoomLowerLimitABSAngle	ImportS7Device	Limits	7140	6.002296271751768e-06	0.9995210991419728
598	ImportS7Device.Internal.AOPS_BypassEnable	Internal.AOPS_BypassEnable	ImportS7Device	Internal	7140	6.002296271751768e-06	0.9995271014382446
599	ImportS7Device.SafetySystems.HighRisk_InsideClass1	SafetySystems.HighRisk_InsideClass1	ImportS7Device	SafetySystems	7140	6.002296271751768e-06	0.9995331037345163
600	ImportS7Device.Limits.BoomLowerLimitABSCounter	Limits.BoomLowerLimitABSCounter	ImportS7Device	Limits	7140	6.002296271751768e-06	0.9995391060307881
601	ImportS7Device.Energy.HoistSum	Energy.HoistSum	ImportS7Device	Energy	7140	6.002296271751768e-06	0.9995451083270599
602	ImportS7Device.BCMS.EmergEnableBoom_StatusOK	BCMS.EmergEnableBoom_StatusOK	ImportS7Device	BCMS	7140	6.002296271751768e-06	0.9995511106233316
603	ImportS7Device.Internal.AOPS_TorqueLimitUpAntiAOPS	Internal.AOPS_TorqueLimitUpAntiAOPS	ImportS7Device	Internal	7140	6.002296271751768e-06	0.9995571129196034
604	ImportS7Device.General.WhipParked	General.WhipParked	ImportS7Device	General	7140	6.002296271751768e-06	0.9995631152158752
605	ImportS7Device.CM.Pressure_BoomStopAccu	CM.Pressure_BoomStopAccu	ImportS7Device	CM	7140	6.002296271751768e-06	0.9995691175121468
606	ImportS7Device.Energy.PACA.THD_voltageL3	Energy.PACA.THD_voltageL3	ImportS7Device	Energy	7140	6.002296271751768e-06	0.9995751198084186
607	ImportS7Device.Energy.BoomSum	Energy.BoomSum	ImportS7Device	Energy	7140	6.002296271751768e-06	0.9995811221046904
608	ImportS7Device.General.MainParked	General.MainParked	ImportS7Device	General	7140	6.002296271751768e-06	0.9995871244009621
609	ImportS7Device.BCMS.EmergEnableSlew_StatusOK	BCMS.EmergEnableSlew_StatusOK	ImportS7Device	BCMS	7140	6.002296271751768e-06	0.9995931266972339
610	ImportS7Device.Drives.ACFan_Control.DriveStart	Drives.ACFan_Control.DriveStart	ImportS7Device	Drives	7140	6.002296271751768e-06	0.9995991289935056
611	ImportS7Device.SafetySystems.SlackWireBoom	SafetySystems.SlackWireBoom	ImportS7Device	SafetySystems	7140	6.002296271751768e-06	0.9996051312897773
612	ImportS7Device.SafetySystems.HighRisk_InsideClass2	SafetySystems.HighRisk_InsideClass2	ImportS7Device	SafetySystems	7140	6.002296271751768e-06	0.9996111335860491
613	ImportS7Device.Drives.ACFan_Status.DriveOverTemp	Drives.ACFan_Status.DriveOverTemp	ImportS7Device	Drives	7140	6.002296271751768e-06	0.9996171358823208
614	ImportS7Device.BrakeTest.MainActive	BrakeTest.MainActive	ImportS7Device	BrakeTest	7140	6.002296271751768e-06	0.9996231381785926
615	ImportS7Device.Energy.HoistFed	Energy.HoistFed	ImportS7Device	Energy	7140	6.002296271751768e-06	0.9996291404748644
616	ImportS7Device.LoadCells.WhipLC_LoopA_Fault	LoadCells.WhipLC_LoopA_Fault	ImportS7Device	LoadCells	7140	6.002296271751768e-06	0.9996351427711361
617	ImportS7Device.Drives.ACFan_Control.DriveEnable	Drives.ACFan_Control.DriveEnable	ImportS7Device	Drives	7140	6.002296271751768e-06	0.9996411450674079
618	ImportS7Device.Drives.ACFan_Status.MotorOverTemp	Drives.ACFan_Status.MotorOverTemp	ImportS7Device	Drives	7140	6.002296271751768e-06	0.9996471473636797
619	ImportS7Device.HVAC.MotorCoolant.CoolantFan_StatusOK	HVAC.MotorCoolant.CoolantFan_StatusOK	ImportS7Device	HVAC	7140	6.002296271751768e-06	0.9996531496599513
620	ImportS7Device.Limits.BoomABSReleaseBrakes	Limits.BoomABSReleaseBrakes	ImportS7Device	Limits	7140	6.002296271751768e-06	0.9996591519562231
621	ImportS7Device.LoadCells.WhipLC_LoopB_Fault	LoadCells.WhipLC_LoopB_Fault	ImportS7Device	LoadCells	7140	6.002296271751768e-06	0.9996651542524949
622	ImportS7Device.BCMS.MainEnableValve_ResponseOn	BCMS.MainEnableValve_ResponseOn	ImportS7Device	BCMS	7140	6.002296271751768e-06	0.9996711565487666
623	ImportS7Device.Energy.RectifierSum	Energy.RectifierSum	ImportS7Device	Energy	7140	6.002296271751768e-06	0.9996771588450384
624	ImportS7Device.SafetySystems.MMS_SlewOverspeed	SafetySystems.MMS_SlewOverspeed	ImportS7Device	SafetySystems	7140	6.002296271751768e-06	0.9996831611413102
625	ImportS7Device.Recipes.WriteFATRecords	Recipes.WriteFATRecords	ImportS7Device	Recipes	7140	6.002296271751768e-06	0.9996891634375819
626	ImportS7Device.Encoders.WhipA_Raw	Encoders.WhipA_Raw	ImportS7Device	Encoders	7140	6.002296271751768e-06	0.9996951657338536
627	ImportS7Device.Energy.SlewFedA	Energy.SlewFedA	ImportS7Device	Energy	7140	6.002296271751768e-06	0.9997011680301254
628	ImportS7Device.BrakeTest.WhipSecondaryPassed	BrakeTest.WhipSecondaryPassed	ImportS7Device	BrakeTest	7140	6.002296271751768e-06	0.9997071703263971
629	ImportS7Device.Drives.ChillerFan_Status.MotorOverTemp	Drives.ChillerFan_Status.MotorOverTemp	ImportS7Device	Drives	7140	6.002296271751768e-06	0.9997131726226689
630	ImportS7Device.BrakeTest.SlewPassedC	BrakeTest.SlewPassedC	ImportS7Device	BrakeTest	7140	6.002296271751768e-06	0.9997191749189407
631	ImportS7Device.Energy.PACB.THD_voltageL2	Energy.PACB.THD_voltageL2	ImportS7Device	Energy	7140	6.002296271751768e-06	0.9997251772152124
632	ImportS7Device.Recipes.ExportRecipesToSD	Recipes.ExportRecipesToSD	ImportS7Device	Recipes	7140	6.002296271751768e-06	0.9997311795114842
633	ImportS7Device.LoadCells.WhipLC_StatusOK	LoadCells.WhipLC_StatusOK	ImportS7Device	LoadCells	7140	6.002296271751768e-06	0.999737181807756
634	ImportS7Device.BrakeTest.WhipActive	BrakeTest.WhipActive	ImportS7Device	BrakeTest	7140	6.002296271751768e-06	0.9997431841040276
635	ImportS7Device.Drives.ACFan_Control.DriveSpeedRpm	Drives.ACFan_Control.DriveSpeedRpm	ImportS7Device	Drives	7140	6.002296271751768e-06	0.9997491864002994
636	ImportS7Device.BrakeTest.BoomActive	BrakeTest.BoomActive	ImportS7Device	BrakeTest	7140	6.002296271751768e-06	0.9997551886965712
637	ImportS7Device.PowerSupply.AuxPower_StatusOK	PowerSupply.AuxPower_StatusOK	ImportS7Device	PowerSupply	7140	6.002296271751768e-06	0.9997611909928429
638	ImportS7Device.SafetySystems.AC_Crane2_Active	SafetySystems.AC_Crane2_Active	ImportS7Device	SafetySystems	7140	6.002296271751768e-06	0.9997671932891147
639	ImportS7Device.BrakeTest.WhipPrimaryPassed	BrakeTest.WhipPrimaryPassed	ImportS7Device	BrakeTest	7140	6.002296271751768e-06	0.9997731955853865
640	ImportS7Device.SafetySystems.MOPS_Activated	SafetySystems.MOPS_Activated	ImportS7Device	SafetySystems	7140	6.002296271751768e-06	0.9997791978816581
641	ImportS7Device.General.CT_Overspeed	General.CT_Overspeed	ImportS7Device	General	7140	6.002296271751768e-06	0.9997852001779299
642	ImportS7Device.BrakeTest.Result_WhipSecondary	BrakeTest.Result_WhipSecondary	ImportS7Device	BrakeTest	7140	6.002296271751768e-06	0.9997912024742017
643	ImportS7Device.Recipes.WriteCOMRecords	Recipes.WriteCOMRecords	ImportS7Device	Recipes	7140	6.002296271751768e-06	0.9997972047704734
644	ImportS7Device.Drives.ChillerFan_Control.DriveSpeedRpm	Drives.ChillerFan_Control.DriveSpeedRpm	ImportS7Device	Drives	7140	6.002296271751768e-06	0.9998032070667452
645	ImportS7Device.SafetySystems.MMS_HoistDelta	SafetySystems.MMS_HoistDelta	ImportS7Device	SafetySystems	7140	6.002296271751768e-06	0.9998092093630169
646	ImportS7Device.Energy.BoomDrawn	Energy.BoomDrawn	ImportS7Device	Energy	7140	6.002296271751768e-06	0.9998152116592887
647	ImportS7Device.Internal.AOPS_OverspeedResistor	Internal.AOPS_OverspeedResistor	ImportS7Device	Internal	7140	6.002296271751768e-06	0.9998212139555605
648	ImportS7Device.Energy.SlewDrawnA	Energy.SlewDrawnA	ImportS7Device	Energy	7140	6.002296271751768e-06	0.9998272162518321
649	ImportS7Device.BrakeTest.Result_SlewCResult	BrakeTest.Result_SlewCResult	ImportS7Device	BrakeTest	7140	6.002296271751768e-06	0.9998332185481039
650	ImportS7Device.CM.Hours_EmergRectifier	CM.Hours_EmergRectifier	ImportS7Device	CM	7140	6.002296271751768e-06	0.9998392208443757
651	ImportS7Device.Recipes.WriteServiceRecords	Recipes.WriteServiceRecords	ImportS7Device	Recipes	7140	6.002296271751768e-06	0.9998452231406474
652	ImportS7Device.Drives.ACFan_Status.ActualPower	Drives.ACFan_Status.ActualPower	ImportS7Device	Drives	7140	6.002296271751768e-06	0.9998512254369192
653	ImportS7Device.CBM.WhipHoistWinch_Rotation	CBM.WhipHoistWinch_Rotation	ImportS7Device	CBM	7140	6.002296271751768e-06	0.999857227733191
654	ImportS7Device.Energy.SlewSumA	Energy.SlewSumA	ImportS7Device	Energy	7140	6.002296271751768e-06	0.9998632300294626
655	ImportS7Device.SafetySystems.MMS_HoistOverspeed	SafetySystems.MMS_HoistOverspeed	ImportS7Device	SafetySystems	7140	6.002296271751768e-06	0.9998692323257344
656	ImportS7Device.SafetySystems.AOPS TestActive	SafetySystems.AOPS TestActive	ImportS7Device	SafetySystems	7140	6.002296271751768e-06	0.9998752346220062
657	ImportS7Device.LoadCells.BoomLC_LoopA_Fault	LoadCells.BoomLC_LoopA_Fault	ImportS7Device	LoadCells	7140	6.002296271751768e-06	0.9998812369182779
658	ImportS7Device.BCMS.MainEnableValve_StatusOK	BCMS.MainEnableValve_StatusOK	ImportS7Device	BCMS	7140	6.002296271751768e-06	0.9998872392145497
659	ImportS7Device.Recipes.WriteAutoRecords	Recipes.WriteAutoRecords	ImportS7Device	Recipes	7140	6.002296271751768e-06	0.9998932415108215
660	ImportS7Device.General.MOBTraining	General.MOBTraining	ImportS7Device	General	7140	6.002296271751768e-06	0.9998992438070932
661	ImportS7Device.Energy.SlewSumB	Energy.SlewSumB	ImportS7Device	Energy	7140	6.002296271751768e-06	0.999905246103365
662	ImportS7Device.HVAC.ResistorCoolant.CoolantFan_StatusOK	HVAC.ResistorCoolant.CoolantFan_StatusOK	ImportS7Device	HVAC	7140	6.002296271751768e-06	0.9999112483996367
663	ImportS7Device.General.HoistParkingActive	General.HoistParkingActive	ImportS7Device	General	7140	6.002296271751768e-06	0.9999172506959084
664	ImportS7Device.General.CT_Autolift	General.CT_Autolift	ImportS7Device	General	7140	6.002296271751768e-06	0.9999232529921802
665	ImportS7Device.Limits.BoomUpperLimitABS	Limits.BoomUpperLimitABS	ImportS7Device	Limits	7140	6.002296271751768e-06	0.999929255288452
666	ImportS7Device.Energy.RectifierFed	Energy.RectifierFed	ImportS7Device	Energy	7140	6.002296271751768e-06	0.9999352575847237
667	ImportS7Device.Energy.SlewDrawnB	Energy.SlewDrawnB	ImportS7Device	Energy	7140	6.002296271751768e-06	0.9999412598809955
668	ImportS7Device.Drives.ResistorFan_Status.MotorOverTemp	Drives.ResistorFan_Status.MotorOverTemp	ImportS7Device	Drives	7140	6.002296271751768e-06	0.9999472621772673
669	ImportS7Device.BrakeTest.Result_WhipPrimary	BrakeTest.Result_WhipPrimary	ImportS7Device	BrakeTest	7140	6.002296271751768e-06	0.9999532644735389
670	ImportS7Device.Recipes.ImportRecipesFromSD	Recipes.ImportRecipesFromSD	ImportS7Device	Recipes	7140	6.002296271751768e-06	0.9999592667698107
671	ImportS7Device.SafetySystems.MMS_DeactivatedPermanent	SafetySystems.MMS_DeactivatedPermanent	ImportS7Device	SafetySystems	7140	6.002296271751768e-06	0.9999652690660825
672	ImportS7Device.Encoders.WhipB_Raw	Encoders.WhipB_Raw	ImportS7Device	Encoders	7140	6.002296271751768e-06	0.9999712713623542
673	ImportS7Device.Drives.ChillerFan_Status.ActualPower	Drives.ChillerFan_Status.ActualPower	ImportS7Device	Drives	7140	6.002296271751768e-06	0.999977273658626
674	ImportS7Device.Energy.PACA.THD_voltageL1	Energy.PACA.THD_voltageL1	ImportS7Device	Energy	7140	6.002296271751768e-06	0.9999832759548978
675	ImportS7Device.Energy.SlewFedB	Energy.SlewFedB	ImportS7Device	Energy	7140	6.002296271751768e-06	0.9999892782511695
676	ImportS7Device.Energy.RectifierDrawn	Energy.RectifierDrawn	ImportS7Device	Energy	7140	6.002296271751768e-06	0.9999952805474412
677	SharingOPCUA.UTL.MainHoistWinch.TotalCycles	UTL.MainHoistWinch.TotalCycles	SharingOPCUA	UTL	121	1.017195866781462e-07	0.9999953822670279
678	SharingOPCUA.UTL.SlewBearing.UsedDesignLife	UTL.SlewBearing.UsedDesignLife	SharingOPCUA	UTL	121	1.017195866781462e-07	0.9999954839866146
679	SharingOPCUA.UTL.MainHoistWinch.UsedDesignLife	UTL.MainHoistWinch.UsedDesignLife	SharingOPCUA	UTL	121	1.017195866781462e-07	0.9999955857062013
680	SharingOPCUA.UTL.SlewGears.TotalCycles	UTL.SlewGears.TotalCycles	SharingOPCUA	UTL	121	1.017195866781462e-07	0.9999956874257879
681	SharingOPCUA.UTL.SlewBearing.TotalCycles	UTL.SlewBearing.TotalCycles	SharingOPCUA	UTL	121	1.017195866781462e-07	0.9999957891453746
682	SharingOPCUA.UTL.SlewGears.SpectrumFactor	UTL.SlewGears.SpectrumFactor	SharingOPCUA	UTL	121	1.017195866781462e-07	0.9999958908649613
683	SharingOPCUA.UTL.MainHoistWinch.SpectrumFactor	UTL.MainHoistWinch.SpectrumFactor	SharingOPCUA	UTL	121	1.017195866781462e-07	0.999995992584548
684	SharingOPCUA.UTL.SlewBearing.ThirdPower	UTL.SlewBearing.ThirdPower	SharingOPCUA	UTL	121	1.017195866781462e-07	0.9999960943041346
685	SharingOPCUA.UTL.SlewGears.UsedDesignLife	UTL.SlewGears.UsedDesignLife	SharingOPCUA	UTL	121	1.017195866781462e-07	0.9999961960237214
686	SharingOPCUA.UTL.SlewGears.ThirdPower	UTL.SlewGears.ThirdPower	SharingOPCUA	UTL	121	1.017195866781462e-07	0.999996297743308
687	SharingOPCUA.UTL.SlewBearing.SpectrumFactor	UTL.SlewBearing.SpectrumFactor	SharingOPCUA	UTL	121	1.017195866781462e-07	0.9999963994628946
688	SharingOPCUA.UTL.MainHoistWinch.ThirdPower	UTL.MainHoistWinch.ThirdPower	SharingOPCUA	UTL	121	1.017195866781462e-07	0.9999965011824814
689	SharingOPCUA.UTL.DiskBRemainingDesignLife	UTL.DiskBRemainingDesignLife	SharingOPCUA	UTL	119	1.0003827119586279e-07	0.9999966012207525
690	SharingOPCUA.UTL.SSlifts.UsedDesignLife	UTL.SSlifts.UsedDesignLife	SharingOPCUA	UTL	119	1.0003827119586279e-07	0.9999967012590237
691	SharingOPCUA.UTL.SPlifts.TotalCycles	UTL.SPlifts.TotalCycles	SharingOPCUA	UTL	119	1.0003827119586279e-07	0.999996801297295
692	SharingOPCUA.UTL.CraneHouse.SpectrumFactor	UTL.CraneHouse.SpectrumFactor	SharingOPCUA	UTL	119	1.0003827119586279e-07	0.9999969013355662
693	SharingOPCUA.UTL.Pedestal.UsedDesignLife	UTL.Pedestal.UsedDesignLife	SharingOPCUA	UTL	119	1.0003827119586279e-07	0.9999970013738374
694	SharingOPCUA.UTL.LuffingWinch.UsedDesignLife	UTL.LuffingWinch.UsedDesignLife	SharingOPCUA	UTL	119	1.0003827119586279e-07	0.9999971014121085
695	SharingOPCUA.UTL.Pedestal.TotalCycles	UTL.Pedestal.TotalCycles	SharingOPCUA	UTL	119	1.0003827119586279e-07	0.9999972014503797
696	SharingOPCUA.UTL.TotalLifts.UsedDesignLife	UTL.TotalLifts.UsedDesignLife	SharingOPCUA	UTL	119	1.0003827119586279e-07	0.999997301488651
697	SharingOPCUA.UTL.PPlifts.TotalCycles	UTL.PPlifts.TotalCycles	SharingOPCUA	UTL	119	1.0003827119586279e-07	0.9999974015269222
698	SharingOPCUA.UTL.Pedestal.SpectrumFactor	UTL.Pedestal.SpectrumFactor	SharingOPCUA	UTL	119	1.0003827119586279e-07	0.9999975015651933
699	SharingOPCUA.UTL.TotalLifts.ThirdPower	UTL.TotalLifts.ThirdPower	SharingOPCUA	UTL	119	1.0003827119586279e-07	0.9999976016034645
700	SharingOPCUA.UTL.SSlifts.ThirdPower	UTL.SSlifts.ThirdPower	SharingOPCUA	UTL	119	1.0003827119586279e-07	0.9999977016417357
701	SharingOPCUA.UTL.PPlifts.SpectrumFactor	UTL.PPlifts.SpectrumFactor	SharingOPCUA	UTL	119	1.0003827119586279e-07	0.999997801680007
702	SharingOPCUA.UTL.LuffingWinch.SpectrumFactor	UTL.LuffingWinch.SpectrumFactor	SharingOPCUA	UTL	119	1.0003827119586279e-07	0.9999979017182781
703	SharingOPCUA.UTL.CraneHouse.TotalCycles	UTL.CraneHouse.TotalCycles	SharingOPCUA	UTL	119	1.0003827119586279e-07	0.9999980017565493
704	SharingOPCUA.UTL.TotalLifts.SpectrumFactor	UTL.TotalLifts.SpectrumFactor	SharingOPCUA	UTL	119	1.0003827119586279e-07	0.9999981017948205
705	SharingOPCUA.UTL.Pedestal.ThirdPower	UTL.Pedestal.ThirdPower	SharingOPCUA	UTL	119	1.0003827119586279e-07	0.9999982018330917
706	SharingOPCUA.UTL.SPlifts.SpectrumFactor	UTL.SPlifts.SpectrumFactor	SharingOPCUA	UTL	119	1.0003827119586279e-07	0.9999983018713628
707	SharingOPCUA.UTL.LuffingWinch.TotalCycles	UTL.LuffingWinch.TotalCycles	SharingOPCUA	UTL	119	1.0003827119586279e-07	0.9999984019096341
708	SharingOPCUA.UTL.TotalLifts.TotalCycles	UTL.TotalLifts.TotalCycles	SharingOPCUA	UTL	119	1.0003827119586279e-07	0.9999985019479053
709	SharingOPCUA.UTL.DiskARemainingDesignLife	UTL.DiskARemainingDesignLife	SharingOPCUA	UTL	119	1.0003827119586279e-07	0.9999986019861765
710	SharingOPCUA.UTL.DiskUsage	UTL.DiskUsage	SharingOPCUA	UTL	119	1.0003827119586279e-07	0.9999987020244476
711	SharingOPCUA.UTL.SSlifts.SpectrumFactor	UTL.SSlifts.SpectrumFactor	SharingOPCUA	UTL	119	1.0003827119586279e-07	0.9999988020627189
712	SharingOPCUA.UTL.SPlifts.ThirdPower	UTL.SPlifts.ThirdPower	SharingOPCUA	UTL	119	1.0003827119586279e-07	0.9999989021009901
713	SharingOPCUA.UTL.PPlifts.UsedDesignLife	UTL.PPlifts.UsedDesignLife	SharingOPCUA	UTL	119	1.0003827119586279e-07	0.9999990021392613
714	SharingOPCUA.UTL.CraneHouse.UsedDesignLife	UTL.CraneHouse.UsedDesignLife	SharingOPCUA	UTL	119	1.0003827119586279e-07	0.9999991021775324
715	SharingOPCUA.UTL.SSlifts.TotalCycles	UTL.SSlifts.TotalCycles	SharingOPCUA	UTL	119	1.0003827119586279e-07	0.9999992022158036
716	SharingOPCUA.UTL.DiskAvail	UTL.DiskAvail	SharingOPCUA	UTL	119	1.0003827119586279e-07	0.9999993022540749
717	SharingOPCUA.UTL.PPlifts.ThirdPower	UTL.PPlifts.ThirdPower	SharingOPCUA	UTL	119	1.0003827119586279e-07	0.9999994022923461
718	SharingOPCUA.UTL.SPlifts.UsedDesignLife	UTL.SPlifts.UsedDesignLife	SharingOPCUA	UTL	119	1.0003827119586279e-07	0.9999995023306173
719	SharingOPCUA.UTL.LuffingWinch.ThirdPower	UTL.LuffingWinch.ThirdPower	SharingOPCUA	UTL	119	1.0003827119586279e-07	0.9999996023688884
720	SharingOPCUA.UTL.CraneHouse.ThirdPower	UTL.CraneHouse.ThirdPower	SharingOPCUA	UTL	119	1.0003827119586279e-07	0.9999997024071596
721	SharingOPCUA.UTL.PSlifts.SpectrumFactor	UTL.PSlifts.SpectrumFactor	SharingOPCUA	UTL	118	9.91976134547211e-08	0.9999998016047731
722	SharingOPCUA.UTL.PSlifts.UsedDesignLife	UTL.PSlifts.UsedDesignLife	SharingOPCUA	UTL	118	9.91976134547211e-08	0.9999999008023865
723	SharingOPCUA.UTL.PSlifts.TotalCycles	UTL.PSlifts.TotalCycles	SharingOPCUA	UTL	118	9.91976134547211e-08	1.0
